Date,Open.x,High.x,Low.x,Close.x,Open.y,High.y,Low.y,Close.y,tr,atr,diff,diff_mx,diff_mn,st5,diff_MA,diff_MAD
31/12/2010,64.9,65.29,64.62,65.26,64.42,64.89,64.18,64.78,NA,NA,0.48,NA,NA,NA,NA,NA
03/01/2011,66.15,66.68,66,66.4,65.15,65.44,64.92,65.15,1.42,NA,1.25,NA,NA,NA,NA,NA
04/01/2011,66.79,67.61,66.51,66.94,65.14,65.38,64.7,65.36,1.21,NA,1.58,NA,NA,NA,NA,NA
05/01/2011,66.55,67.55,66.49,67.48,65.15,65.75,64.79,65.7,1.06,NA,1.78,NA,NA,NA,NA,NA
06/01/2011,67.46,69.35,67.46,68.8,65.82,67.66,65.77,67.2,1.89,NA,1.6,1.78,0.48,86,1.34,0.26
07/01/2011,69.16,70.1,68.8,69.38,67.81,68.75,67.42,68.06,1.3,NA,1.32,1.78,1.25,13,1.51,-0.19
10/01/2011,69.42,69.66,68.35,69.09,67.61,67.69,66.76,66.93,1.31,NA,2.16,2.16,1.32,100,1.69,0.47
11/01/2011,69.47,69.88,68.67,68.96,67.18,67.43,66.4,66.42,1.21,NA,2.54,2.54,1.32,100,1.88,0.66
12/01/2011,69.6,70.49,69.51,70.15,66.59,67.43,66.59,66.92,1.53,NA,3.23,3.23,1.32,100,2.17,1.06
13/01/2011,70.29,70.5,69.62,69.83,67.4,67.47,66.23,66.52,0.88,NA,3.31,3.31,1.32,100,2.51,0.8
14/01/2011,69.55,70.2,69.39,70.07,66.47,67.27,66.29,67.23,0.81,NA,2.84,3.31,2.16,59,2.82,0.02
18/01/2011,70.86,72.57,70.23,72.47,66.94,69.84,66.87,69.32,2.5,NA,3.15,3.31,2.54,79,3.01,0.14
19/01/2011,72.68,72.99,71.18,71.73,69.32,69.55,68.58,68.93,1.81,NA,2.8,3.31,2.8,0,3.07,-0.27
20/01/2011,71.35,71.96,70.36,71.12,68.98,70,68.61,69.98,1.6,NA,1.14,3.31,1.14,0,2.65,-1.51
21/01/2011,71.91,72.22,71.34,71.68,70.35,70.35,69.28,69.53,1.1,1.402142857,2.15,3.15,1.14,50,2.42,-0.27
24/01/2011,71.52,72.82,71.51,72.73,69.49,69.72,68.47,68.91,1.31,1.395561224,3.82,3.82,1.14,100,2.61,1.21
25/01/2011,72.49,72.73,71.31,72.24,68.84,69.54,68.55,69.51,1.42,1.397306851,2.73,3.82,1.14,59,2.53,0.2
26/01/2011,69.99,70.48,69.11,70.02,69.63,69.64,68.32,68.81,3.13,1.521070648,1.21,3.82,1.14,3,2.21,-1
27/01/2011,70.01,71,70,70.56,69.04,69.88,68.66,69.22,1,1.483851316,1.34,3.82,1.21,5,2.25,-0.91
28/01/2011,70.8,70.95,69,69.23,69.31,69.77,67.33,67.58,1.95,1.51714765,1.65,3.82,1.21,17,2.15,-0.5
31/01/2011,69.26,69.96,69.12,69.48,68.01,69.36,67.86,69.3,0.84,1.468779961,0.18,2.73,0.18,0,1.42,-1.24
01/02/2011,70,70.5,69.6,70.29,69.77,70.32,69.56,70.27,1.02,1.436724249,0.02,1.65,0.02,0,0.88,-0.86
02/02/2011,69.83,71.19,69.8,71,70.1,70.35,69.67,69.88,1.39,1.433386803,1.12,1.65,0.02,67,0.86,0.26
03/02/2011,71,71.38,70.62,70.98,69.78,70,69.15,69.79,0.76,1.385287746,1.19,1.65,0.02,72,0.83,0.36
04/02/2011,70.9,71.64,70.68,71.38,69.7,69.75,69.18,69.57,0.96,1.35491005,1.81,1.81,0.02,100,0.86,0.95
07/02/2011,71.43,72.11,71.15,71.93,69.78,70.65,69.67,70.35,0.96,1.326702189,1.58,1.81,0.02,87,1.14,0.44
08/02/2011,72.17,72.82,72.02,72.71,70.34,71.14,69.94,71.09,0.89,1.295509175,1.62,1.81,1.12,72,1.46,0.16
09/02/2011,72.39,72.71,72,72.63,71.91,72.5,70.59,71.87,0.71,1.253687091,0.76,1.81,0.76,0,1.39,-0.63
10/02/2011,72.43,72.99,71.85,72.66,71.33,71.68,70.44,71.16,1.14,1.245566585,1.5,1.81,0.76,70,1.45,0.05
11/02/2011,72.24,72.69,71.93,72.14,70.95,71.16,70.4,70.51,0.76,1.210883257,1.63,1.63,0.76,100,1.42,0.21
14/02/2011,72.7,72.7,71.6,72.26,70.41,70.68,68.56,68.7,1.1,1.202963025,3.56,3.56,0.76,100,1.81,1.75
15/02/2011,71.92,72.02,71.09,71.4,68.23,69.32,68.14,69.14,1.17,1.200608523,2.26,3.56,0.76,54,1.94,0.32
16/02/2011,71.71,72.62,71.46,72.48,69.31,69.54,67.3,68.54,1.22,1.201993628,3.94,3.94,1.5,100,2.58,1.36
17/02/2011,72.42,72.51,71.94,72.24,68.28,69.58,68.08,68.9,0.57,1.156851226,3.34,3.94,1.63,74,2.95,0.39
18/02/2011,72.13,73.52,72.13,73.04,68.9,69.44,68.77,69.11,1.39,1.17350471,3.93,3.94,2.26,99,3.41,0.52
22/02/2011,72.35,72.49,70.38,70.93,68.53,68.65,67.14,67.56,2.66,1.279682945,3.37,3.94,2.26,66,3.37,4.44089E-15
23/02/2011,70.94,71.49,70,70.23,67.52,68.08,66.33,66.92,1.49,1.294705592,3.31,3.94,3.31,0,3.58,-0.27
24/02/2011,70.35,72.5,70.09,70.76,66.42,67.65,65.65,67,2.41,1.374369478,3.76,3.93,3.31,73,3.54,0.22
25/02/2011,73.94,74.29,72.06,72.3,67.21,67.59,66.32,66.49,3.53,1.528343087,5.81,5.81,3.31,100,4.04,1.77
28/02/2011,72.47,72.9,71.7,72.01,66.52,67.58,66.08,66.68,1.2,1.504890009,5.33,5.81,3.31,81,4.32,1.01
01/03/2011,71.93,72.23,69.99,70.12,67.01,67.7,65.66,65.86,2.24,1.557397866,4.26,5.81,3.31,38,4.49,-0.23
02/03/2011,70.11,70.4,68.6,69.57,65.83,66.69,65.75,66.44,1.8,1.57472659,3.13,5.81,3.13,0,4.46,-1.33
03/03/2011,70.13,71.83,70.13,71.71,66.87,67.9,66.83,67.51,2.26,1.62367469,4.2,5.81,3.13,40,4.55,-0.35
04/03/2011,71.8,71.87,70.28,71.8,67.54,67.7,65.85,66.69,1.59,1.621269355,5.11,5.33,3.13,90,4.41,0.7
07/03/2011,71.6,72.07,69.91,70.88,66.78,67.25,65.4,65.79,2.16,1.659750116,5.09,5.11,3.13,99,4.36,0.73
08/03/2011,71.48,72.5,71.18,72.04,65.7,67.18,65.7,66.89,1.62,1.656910822,5.15,5.15,3.13,100,4.54,0.61
09/03/2011,72.01,72.42,71.33,72.09,66.77,67.43,66.3,67.3,1.09,1.616417192,4.79,5.15,4.2,62,4.87,-0.08
10/03/2011,71.31,72.39,70.51,71.29,67.18,67.49,66.27,66.31,1.88,1.635244535,4.98,5.15,4.79,53,5.02,-0.04
11/03/2011,70.29,71.89,70.26,71.64,66.43,66.76,65.72,66.1,1.63,1.634869925,5.54,5.54,4.79,100,5.11,0.43
14/03/2011,71.17,71.23,69.9,70.74,65.63,66.36,65.35,66.32,1.74,1.642379216,4.42,5.54,4.42,0,4.98,-0.56
15/03/2011,68.34,70.23,68.34,69.69,64.65,66.6,64.17,66.13,2.4,1.696494987,3.56,5.54,3.56,0,4.66,-1.1
16/03/2011,69.23,69.67,67.34,67.69,66,66,64.6,64.94,2.35,1.743173916,2.75,5.54,2.75,0,4.25,-1.5
17/03/2011,68.58,69.03,67.85,68.3,66.18,67.14,65.94,66.46,1.34,1.714375779,1.84,5.54,1.84,0,3.62,-1.78
18/03/2011,69.21,69.58,68.67,69.1,67.36,67.5,65.99,66.95,1.28,1.683348938,2.15,4.42,1.84,12,2.94,-0.79
21/03/2011,70.29,71.68,70.04,71.2,67.83,68.57,67.68,68.22,2.58,1.747395442,2.98,3.56,1.84,66,2.66,0.32
22/03/2011,71.18,72.1,70.72,71.85,68.08,68.49,67.82,67.98,1.38,1.721152911,3.87,3.87,1.84,100,2.72,1.15
23/03/2011,71.62,73.07,71.14,72.72,67.6,67.97,67.17,67.77,1.93,1.73607056,4.95,4.95,1.84,100,3.16,1.79
24/03/2011,73.24,73.33,72.33,72.76,67.98,68.25,67.46,68.05,1,1.683494091,4.71,4.95,2.15,91,3.73,0.98
25/03/2011,72.94,73.5,72.33,73.34,68.1,68.46,67.35,68.42,1.17,1.646815942,4.92,4.95,2.98,98,4.29,0.63
28/03/2011,73.5,73.69,73.11,73.3,68.57,68.73,67.9,67.91,0.58,1.570614803,5.39,5.39,3.87,100,4.77,0.62
29/03/2011,73.07,73.93,73.03,73.62,67.95,68.42,67.41,68.21,0.9,1.522713746,5.41,5.41,4.71,100,5.08,0.33
30/03/2011,73.93,74.14,73.35,73.8,68.4,68.66,67.57,68.59,0.79,1.47037705,5.21,5.41,4.71,71,5.13,0.08
31/03/2011,73.81,74.47,73.47,73.93,62.58,63.44,62.23,62.71,1,1.436778689,11.22,11.22,4.92,100,6.43,4.79
01/04/2011,74.29,74.85,73.94,74.01,62.81,63.55,62.67,62.97,0.92,1.399865926,11.04,11.22,5.21,97,7.65,3.39
04/04/2011,73.38,74.11,73.37,73.95,63.14,63.21,61.54,62.58,0.74,1.352732645,11.37,11.37,5.21,100,8.85,2.52
05/04/2011,73.51,74.45,72.71,73.23,62.56,62.94,62.06,62.21,1.74,1.380394599,11.02,11.37,5.21,94,9.97,1.05
06/04/2011,73.33,73.93,72.8,73.72,62.53,62.53,61.65,62.36,1.13,1.362509271,11.36,11.37,11.02,97,11.2,0.16
07/04/2011,73.74,74.58,73.68,74.29,62.12,62.78,61.97,62.54,0.9,1.329472894,11.75,11.75,11.02,100,11.31,0.44
08/04/2011,74.66,74.85,73.04,73.47,62.74,62.8,62.19,62.38,1.81,1.363796259,11.09,11.75,11.02,10,11.32,-0.23
11/04/2011,73.65,74.28,73.5,73.76,62.58,63.38,62.5,62.95,0.81,1.324239383,10.81,11.75,10.81,0,11.21,-0.4
12/04/2011,73.22,73.58,72.96,73.08,62.58,63.18,62.48,62.84,0.8,1.286793713,10.24,11.75,10.24,0,11.05,-0.81
13/04/2011,73.33,73.71,71.55,72.13,62.97,63,61.29,61.53,2.16,1.349165591,10.6,11.75,10.24,24,10.9,-0.3
14/04/2011,71.83,72.47,70.88,72.3,61.09,61.33,60.45,61.29,1.59,1.366368048,11.01,11.09,10.24,91,10.75,0.26
15/04/2011,72.45,72.98,72.02,72.6,61.46,61.86,60.96,61.29,0.96,1.337341759,11.31,11.31,10.24,100,10.79,0.52
18/04/2011,72.72,73.28,71.75,72.79,60.69,60.77,59.87,60.42,1.53,1.351103062,12.37,12.37,10.24,100,11.11,1.26
19/04/2011,72.97,73.63,72.64,73.15,60.39,60.81,60.26,60.62,0.99,1.325309986,12.53,12.53,10.6,100,11.56,0.97
20/04/2011,74.21,75.32,74.15,75.07,61.48,62.16,60.97,61.83,2.17,1.385644987,13.24,13.24,11.01,100,12.09,1.15
21/04/2011,75.43,75.74,75.08,75.44,61.89,61.92,61.2,61.74,0.67,1.334527488,13.7,13.7,11.31,100,12.63,1.07
25/04/2011,75.51,75.56,74.68,74.9,61.75,61.75,61.13,61.47,0.88,1.302061239,13.43,13.7,12.37,80,13.05,0.38
26/04/2011,75.31,75.85,75.01,75.55,61.81,62.69,61.72,62.49,0.95,1.276914008,13.06,13.7,12.53,45,13.19,-0.13
27/04/2011,76.03,77.31,75.05,76.12,62.9,64,62.27,62.9,2.26,1.347134436,13.22,13.7,13.06,25,13.33,-0.11
28/04/2011,76.03,78.86,76.02,78.55,62.55,63.2,62.5,63.09,2.84,1.45376769,15.46,15.46,13.06,100,13.77,1.69
29/04/2011,78.85,80.34,78.85,79.78,62.76,63.83,62.55,63.61,1.79,1.477784284,16.17,16.17,13.06,100,14.27,1.9
02/05/2011,80.35,80.65,79.16,79.53,63.92,64.28,63.38,64.17,1.49,1.478656835,15.36,16.17,13.06,74,14.65,0.71
03/05/2011,79.24,80.21,79.01,79.51,64.66,65.29,64.34,65.05,1.2,1.458752775,14.46,16.17,13.22,42,14.93,-0.47
04/05/2011,79.7,80,78.76,78.84,65.18,65.55,64.32,64.47,1.24,1.443127577,14.37,16.17,14.37,0,15.16,-0.79
05/05/2011,78.52,79.74,78.09,78.45,64.2,64.75,63.92,64.15,1.65,1.457904179,14.3,16.17,14.3,0,14.93,-0.63
06/05/2011,79.14,80.04,78.97,79.31,64.67,65.15,64.25,64.45,1.59,1.467339595,14.86,15.36,14.3,53,14.67,0.19
09/05/2011,79.31,80.15,79.15,79.64,64.58,65.26,64.06,64.81,1,1.433958195,14.83,14.86,14.3,95,14.56,0.27
10/05/2011,79.76,80.42,79.76,79.95,65,65.36,64.78,65.02,0.78,1.387246895,14.93,14.93,14.3,100,14.66,0.27
11/05/2011,79.64,79.8,78.73,79.08,65.02,65.4,64.62,64.99,1.22,1.375300688,14.09,14.93,14.09,0,14.6,-0.51
12/05/2011,79.04,79.75,78.48,79.41,64.91,65.72,64.84,65.36,1.27,1.367779211,14.05,14.93,14.05,0,14.55,-0.5
13/05/2011,79.61,80.09,78.56,79.03,65.35,65.66,64.66,64.86,1.53,1.37936641,14.17,14.93,14.05,14,14.41,-0.24
16/05/2011,78.66,78.81,77.65,77.77,64.68,65.03,64.34,64.78,1.38,1.379411666,12.99,14.93,12.99,0,14.05,-1.06
17/05/2011,77.61,77.73,75.83,76.68,64.61,65.17,64.18,64.54,1.94,1.41945369,12.14,14.17,12.14,0,13.49,-1.35
18/05/2011,76.78,77.49,76.6,77.14,64.55,64.97,64.39,64.69,0.89,1.38163557,12.45,14.17,12.14,15,13.16,-0.71
19/05/2011,77.41,78.45,77.25,78.02,64.84,65.39,64.67,65.16,1.31,1.376518743,12.86,14.17,12.14,35,12.92,-0.06
20/05/2011,77.89,77.99,77.26,77.52,64.93,65.05,64.39,64.5,0.76,1.33248169,13.02,13.02,12.14,100,12.69,0.33
23/05/2011,76.55,76.76,75.77,76.28,64.04,65.46,63.87,65.14,1.75,1.362304426,11.14,13.02,11.14,0,12.32,-1.18
24/05/2011,76.46,76.71,75.24,75.57,65.2,65.79,64.98,65.6,1.47,1.369996967,9.97,13.02,9.97,0,11.89,-1.92
25/05/2011,75.26,76.78,75.13,76.32,65.2,65.39,64.65,64.92,1.65,1.389997184,11.4,13.02,9.97,47,11.68,-0.28
26/05/2011,76.54,76.92,75.94,76.66,64.07,64.55,63.67,64.36,0.98,1.360711671,12.3,13.02,9.97,76,11.57,0.73
27/05/2011,77.03,77.5,76.62,76.99,64.44,64.95,64.41,64.89,0.88,1.326375123,12.1,12.3,9.97,91,11.38,0.72
31/05/2011,77.8,78.35,77.41,78.03,65.19,65.49,64.72,65.29,1.36,1.3287769,12.74,12.74,9.97,100,11.7,1.04
01/06/2011,77.95,78.1,75.26,75.35,65,65.17,63.69,63.75,2.84,1.436721407,11.6,12.74,11.4,15,12.03,-0.43
02/06/2011,75.44,76.34,75.3,75.69,63.69,64.19,63.47,63.8,1.04,1.408384164,11.89,12.74,11.6,25,12.13,-0.24
03/06/2011,74.71,75.05,74.09,74.84,63.16,64.11,62.89,63.5,1.6,1.422071009,11.34,12.74,11.34,0,11.93,-0.59
06/06/2011,74.76,75.27,74.42,74.58,63.27,63.86,63.06,63.17,0.85,1.381208794,11.41,12.74,11.34,5,11.8,-0.39
07/06/2011,74.79,75.1,74.16,74.18,63.44,64.05,63.29,63.34,0.94,1.34969388,10.84,11.89,10.84,0,11.42,-0.58
08/06/2011,74.13,74.4,73.65,73.85,63.27,63.51,62.97,63.13,0.75,1.306858603,10.72,11.89,10.72,0,11.24,-0.52
09/06/2011,73.83,74.55,73.43,74.18,63.17,64.05,62.97,63.65,1.12,1.29351156,10.53,11.41,10.53,0,10.97,-0.44
10/06/2011,73.81,74,72.61,72.69,63.29,63.47,62.5,62.51,1.57,1.313260734,10.18,11.41,10.18,0,10.74,-0.56
13/06/2011,73.06,73.41,72.69,72.94,62.9,63.74,62.73,63.53,0.72,1.270884968,9.41,10.84,9.41,0,10.34,-0.93
14/06/2011,73.34,75.02,73.19,74.64,64.16,64.65,63.97,64.47,2.08,1.328678899,10.17,10.72,9.41,58,10.2,-0.03
15/06/2011,74.07,75.51,73.57,73.85,63.85,64.54,63.44,63.5,1.94,1.372344691,10.35,10.53,9.41,84,10.13,0.22
16/06/2011,73.74,74.58,73.45,74.01,63.65,64.83,63.4,64.72,1.13,1.355034356,9.29,10.35,9.29,0,9.88,-0.59
17/06/2011,74.62,74.93,73.76,74.16,65.18,65.72,64.57,64.69,1.17,1.341817617,9.47,10.35,9.29,17,9.74,-0.27
20/06/2011,73.96,74.8,73.51,74.52,64.53,65.83,64.53,65.73,1.29,1.338116358,8.79,10.35,8.79,0,9.61,-0.82
21/06/2011,75.02,75.02,73.78,73.98,65.93,66.92,65.84,66.55,1.24,1.331108047,7.43,10.35,7.43,0,9.07,-1.64
22/06/2011,73.59,73.66,72.06,72.12,66.12,67.31,66.12,66.51,1.92,1.373171758,5.61,9.47,5.61,0,8.12,-2.51
23/06/2011,71.17,71.63,70.29,71.25,65.76,66.34,65.11,66.17,1.83,1.405802347,5.08,9.47,5.08,0,7.28,-2.2
24/06/2011,71.37,71.57,70.73,71.26,66.3,66.67,65.37,66.35,0.84,1.365387893,4.91,8.79,4.91,0,6.36,-1.45
27/06/2011,71.44,71.94,71.33,71.62,66.42,67.21,66.21,66.97,0.68,1.316431615,4.65,7.43,4.65,0,5.54,-0.89
28/06/2011,71.82,72.24,71.4,72.09,67.09,68.17,66.92,68.11,0.84,1.282400786,3.98,5.61,3.98,0,4.85,-0.87
29/06/2011,72.22,72.96,71.86,72.72,68.21,69.23,68.04,68.81,1.1,1.269372158,3.91,5.08,3.91,0,4.51,-0.6
30/06/2011,73,74.1,72.9,73.93,69,69.9,68.81,69.35,1.38,1.277274147,4.58,4.91,3.91,67,4.41,0.17
01/07/2011,73.81,74.73,73.8,74.27,69.59,70.5,69.4,70.33,0.93,1.252468851,3.94,4.65,3.91,4,4.21,-0.27
05/07/2011,74.17,74.73,73.85,74.15,70.38,70.56,69.41,69.99,0.88,1.225863933,4.16,4.58,3.91,37,4.11,0.05
06/07/2011,74.13,75.16,74.01,74.74,69.95,70.61,69.68,70,1.15,1.22044508,4.74,4.74,3.91,100,4.27,0.47
07/07/2011,75.33,76.2,74.85,75.99,68.89,69.74,68.06,68.5,1.46,1.237556146,7.49,7.49,3.94,100,4.98,2.51
08/07/2011,75.58,75.58,74.57,75.07,67.71,68,67.03,67.96,1.42,1.25058785,7.11,7.49,3.94,89,5.49,1.62
11/07/2011,74.17,74.73,73,73.35,67.48,67.84,67,67.31,2.07,1.309117289,6.04,7.49,4.16,56,5.91,0.13
12/07/2011,73.62,73.86,71.79,71.93,67.35,67.36,66.63,66.82,2.07,1.363466054,5.11,7.49,4.74,13,6.1,-0.99
13/07/2011,72.56,73.25,71.86,72.17,66.93,67.25,66.38,66.5,1.39,1.365361336,5.67,7.49,5.11,24,6.28,-0.61
14/07/2011,71.94,72.32,71,71.19,66.8,66.83,65.18,65.52,1.32,1.362121241,5.67,7.11,5.11,28,5.92,-0.25
15/07/2011,71.7,71.71,70.85,71.28,65.72,65.72,63.84,64.62,0.86,1.326255438,6.66,6.66,5.11,100,5.83,0.83
18/07/2011,70.66,70.7,69.07,69.55,64.51,64.63,63.58,64.37,2.21,1.389380049,5.18,6.66,5.11,5,5.66,-0.48
19/07/2011,70.11,70.99,69.31,70.53,64.54,64.78,64,64.41,1.68,1.410138617,6.12,6.66,5.18,64,5.86,0.26
20/07/2011,71.12,73.3,70.76,72.07,65.69,65.89,64.76,64.98,2.77,1.507271573,7.09,7.09,5.18,100,6.14,0.95
21/07/2011,72.58,73.25,72,72.89,65.47,65.89,65.26,65.55,1.25,1.488895032,7.34,7.34,5.18,100,6.48,0.86
22/07/2011,73.19,73.19,72.24,72.67,65.45,65.45,64.55,65.27,0.95,1.45040253,7.4,7.4,5.18,100,6.63,0.77
25/07/2011,71.38,72.01,71.01,71.31,64.85,65.42,64.51,65.12,1.66,1.465373778,6.19,7.4,6.12,5,6.83,-0.64
26/07/2011,71.38,71.44,69.86,70.16,65.41,65.62,64.94,65.4,1.58,1.473561365,4.76,7.4,4.76,0,6.56,-1.8
27/07/2011,71.73,73.2,70.53,70.63,65.04,65.25,62.2,62.68,3.04,1.585449839,7.95,7.95,4.76,100,6.73,1.22
28/07/2011,71,72.33,70.59,70.66,62.32,62.38,60.25,60.71,1.74,1.596489136,9.95,9.95,4.76,100,7.25,2.7
29/07/2011,70,71.11,69.25,70.47,60.14,61.18,59.58,60.51,1.86,1.615311341,9.96,9.96,4.76,100,7.76,2.2
01/08/2011,71.61,71.63,69.53,70.33,59.62,60.17,58.4,59.6,2.1,1.649931959,10.73,10.73,4.76,100,8.67,2.06
02/08/2011,69.56,70.29,67.69,67.7,58.97,59.6,57.53,57.53,2.64,1.720651105,10.17,10.73,7.95,80,9.75,0.42
03/08/2011,67.89,68.11,66.1,67.34,57.32,57.67,55.85,57.11,2.01,1.741318883,10.23,10.73,9.95,36,10.21,0.02
04/08/2011,66.36,66.38,63,63.09,56.5,56.83,55.19,55.31,4.34,1.926938963,7.78,10.73,7.78,0,9.77,-1.99
05/08/2011,64.09,64.45,61.41,62.75,55.73,56.51,54.95,55.49,3.04,2.006443323,7.26,10.73,7.26,0,9.23,-1.97
08/08/2011,61.1,61.81,58.61,58.71,54.48,55.12,51.75,51.75,4.14,2.158840228,6.96,10.23,6.96,0,8.48,-1.52
09/08/2011,60.04,62.46,58.76,62.34,52.23,53.36,50.36,53.24,3.75,2.272494498,9.1,10.23,6.96,65,8.27,0.83
10/08/2011,60.92,61.2,57.23,57.41,52.29,52.6,50,50.09,5.11,2.475173462,7.32,9.1,6.96,17,7.68,-0.36
11/08/2011,57.65,59.57,56.01,58.85,50.09,52.45,49.9,51.78,3.56,2.552661072,7.07,9.1,6.96,5,7.54,-0.47
12/08/2011,59.95,61.87,59.16,61.75,51.8,52.2,50.78,51.89,3.02,2.586042424,9.86,9.86,6.96,100,8.06,1.8
15/08/2011,62.06,62.73,61.37,62.7,52.19,53.37,51.57,53.05,1.36,2.498467965,9.65,9.86,7.07,92,8.6,1.05
16/08/2011,61.73,62.98,61.41,62.23,52.59,54.12,52.35,53.24,1.57,2.432148825,8.99,9.86,7.07,69,8.58,0.41
17/08/2011,62.44,62.92,61.61,62.18,53.53,53.86,52.44,52.76,1.31,2.351995337,9.42,9.86,7.07,84,9,0.42
18/08/2011,60.4,60.72,58.22,58.93,51.58,51.58,49.71,50.04,3.96,2.466852813,8.89,9.86,8.89,0,9.36,-0.47
19/08/2011,58.3,59.43,57.47,57.54,49.36,50.23,49.2,49.26,1.96,2.430649041,8.28,9.65,8.28,0,9.05,-0.77
22/08/2011,59.14,59.36,58.04,58.38,50.41,50.63,49.85,50.03,1.82,2.387031252,8.35,9.42,8.28,6,8.79,-0.44
23/08/2011,58.7,60.77,58.19,60.77,50.23,51.48,50,51.48,2.58,2.400814734,9.29,9.42,8.28,89,8.85,0.44
24/08/2011,60.59,61.91,60.45,61.69,51.29,52.83,51.04,52.72,1.46,2.333613682,8.97,9.29,8.28,68,8.76,0.21
25/08/2011,62.05,62.39,60.5,61.1,52.46,52.75,50.95,51.24,1.89,2.30192699,9.86,9.86,8.28,100,8.95,0.91
26/08/2011,60.64,62.97,60.13,62.8,50.93,52.46,50.1,52.16,2.84,2.340360777,10.64,10.64,8.35,100,9.42,1.22
29/08/2011,63.99,64.78,63.6,64.6,52.82,53.97,52.68,53.93,1.98,2.314620721,10.67,10.67,8.97,100,9.89,0.78
30/08/2011,65.23,66.54,64.8,66.03,53.72,54.76,53.14,54.41,1.94,2.287862098,11.62,11.62,8.97,100,10.35,1.27
31/08/2011,66.69,67.29,66.14,66.86,54.76,55.39,54.29,54.62,1.26,2.214443377,12.24,12.24,9.86,100,11.01,1.23
01/09/2011,66.96,67.73,66,66.05,54.65,55.2,53.39,53.46,1.73,2.179840279,12.59,12.59,10.64,100,11.55,1.04
02/09/2011,65.01,65.15,63.71,64.03,52.43,52.71,51.72,51.8,2.34,2.191280259,12.23,12.59,10.67,81,11.87,0.36
06/09/2011,61.91,62.9,61.22,62.77,50.35,51.77,49.97,51.66,2.81,2.235474526,11.11,12.59,11.11,0,11.96,-0.85
07/09/2011,63.94,65.21,63.42,64.9,52.48,53.25,52.08,53.11,2.44,2.250083488,11.79,12.59,11.11,46,11.99,-0.2
08/09/2011,64.34,64.5,62.61,62.81,52.88,53.45,52.57,52.78,2.29,2.252934668,10.03,12.59,10.03,0,11.55,-1.52
09/09/2011,62.11,63.09,61.44,61.79,51.98,52.4,51.41,51.81,1.65,2.209867906,9.98,12.23,9.98,0,11.03,-1.05
12/09/2011,60.83,62.53,60.33,62.39,51.36,52.42,51.3,52.42,2.2,2.209163055,9.97,11.79,9.97,0,10.58,-0.61
13/09/2011,62.3,63.59,62.03,62.85,52.23,52.94,51.69,52.39,1.56,2.162794266,10.46,11.79,9.97,27,10.45,0.01
14/09/2011,63.05,64.07,61.64,63.03,52.75,53.66,51.6,52.91,2.43,2.18188039,10.12,10.46,9.97,31,10.11,0.01
15/09/2011,63.65,64.61,63.45,64.32,53.48,54.28,53.31,54.17,1.58,2.138888933,10.15,10.46,9.97,37,10.14,0.01
16/09/2011,64.78,65.75,64.52,65.38,54.32,55.34,54.27,54.82,1.43,2.088254009,10.56,10.56,9.97,100,10.25,0.31
19/09/2011,64.08,64.4,62.95,64.15,53.71,54.2,53.37,53.88,2.43,2.112664437,10.27,10.56,10.12,34,10.31,-0.04
20/09/2011,64.36,64.64,63.5,63.56,54.22,54.52,53.71,53.85,1.14,2.043188406,9.71,10.56,9.71,0,10.16,-0.45
21/09/2011,63.54,63.82,60.99,61.02,53.55,53.95,51.88,51.89,2.83,2.099389234,9.13,10.56,9.13,0,9.96,-0.83
22/09/2011,59.33,59.59,57.53,58.72,50.47,51.69,50.32,51.13,3.49,2.198718575,7.59,10.56,7.59,0,9.45,-1.86
23/09/2011,58.57,59.77,58.06,59.51,50.78,52.1,50.64,51.05,1.71,2.163810105,8.46,10.27,7.59,32,9.03,-0.57
26/09/2011,60.8,62.27,60,62.01,51.62,52.48,51.33,52.41,2.76,2.206395097,9.6,9.71,7.59,95,8.9,0.7
27/09/2011,64.13,64.29,62.41,62.78,53.53,54.44,53.1,53.49,2.28,2.211652591,9.29,9.6,7.59,85,8.81,0.48
28/09/2011,63.28,64.05,61.81,61.92,53.55,54.17,52.06,52.1,2.24,2.213677405,9.82,9.82,7.59,100,8.95,0.87
29/09/2011,63.2,63.7,61.36,62.37,52.97,53.94,52.29,53.27,2.34,2.222700448,9.1,9.82,8.46,47,9.25,-0.15
30/09/2011,61.5,62.18,60.45,60.51,52.66,53.35,52.16,52.17,1.92,2.201078987,8.34,9.82,8.34,0,9.23,-0.89
03/10/2011,60.1,61.53,57.85,58.25,51.74,52.63,50.86,50.87,3.68,2.306716203,7.38,9.82,7.38,0,8.79,-1.41
04/10/2011,57.53,59.23,56.9,59.14,50.25,51.76,50.13,51.69,2.33,2.308379331,7.45,9.82,7.38,3,8.42,-0.97
05/10/2011,58.9,60.04,58.65,59.96,51.72,52.12,51.34,51.76,1.39,2.242780807,8.2,9.1,7.38,48,8.09,0.11
06/10/2011,60.01,61.79,59.45,61.48,51.75,52.32,51.14,52.29,2.34,2.249725035,9.19,9.19,7.38,100,8.11,1.08
07/10/2011,61.91,62.96,61.43,61.81,52.78,53.45,52.15,52.81,1.53,2.198316104,9,9.19,7.38,90,8.24,0.76
10/10/2011,62.87,64.19,62.75,64.03,53.89,54.72,53.78,54.71,2.38,2.211293525,9.32,9.32,7.45,100,8.63,0.69
11/10/2011,63.66,64.25,63.5,63.97,54.13,55.12,54.13,54.85,0.75,2.106915416,9.12,9.32,8.2,82,8.97,0.15
12/10/2011,64.46,65.23,64.13,64.32,55.16,55.83,55.06,55.32,1.26,2.046421458,9,9.32,9,0,9.13,-0.13
13/10/2011,63.78,64.09,63.05,63.53,54.89,54.98,53.65,54.33,1.27,1.990962783,9.2,9.32,9,63,9.13,0.07
14/10/2011,64,64.28,63.41,63.89,55.29,55.42,54.11,54.56,0.87,1.910894012,9.33,9.33,9,100,9.19,0.14
17/10/2011,63.34,63.51,61.66,61.78,54.02,54.47,53.72,53.84,2.23,1.933687297,7.94,9.33,7.94,0,8.92,-0.98
18/10/2011,61.93,64.24,61.33,63.47,53.69,54.71,53.49,54.4,2.91,2.003423919,9.07,9.33,7.94,81,8.91,0.16
19/10/2011,62.61,64.27,62.53,63.11,54.31,54.74,54,54.08,1.74,1.984607925,9.03,9.33,7.94,78,8.91,0.12
20/10/2011,63.01,63.73,62.18,62.49,54.34,54.47,53.53,54.11,1.55,1.953564501,8.38,9.33,7.94,32,8.75,-0.37
21/10/2011,63.31,64.64,63.1,64.59,54.66,55.82,54.63,55.81,2.15,1.967595608,8.78,9.07,7.94,74,8.64,0.14
24/10/2011,64.41,65.06,63.93,64.75,56,56.78,55.65,56.33,1.13,1.907767351,8.42,9.07,8.38,6,8.74,-0.32
25/10/2011,64.81,64.95,63.55,63.72,56.17,57.2,55.88,56.57,1.4,1.871498254,7.15,9.03,7.15,0,8.35,-1.2
26/10/2011,67.56,67.9,65.8,66.56,56.29,56.85,53.88,55.6,4.18,2.036391236,10.96,10.96,7.15,100,8.74,2.22
27/10/2011,68.59,68.76,67.18,67.49,57.38,57.97,56.2,57.64,2.2,2.048077576,9.85,10.96,7.15,71,9.03,0.82
28/10/2011,67.55,68.39,67.31,68.17,57.73,58.04,57.28,57.92,1.08,1.978929178,10.25,10.96,7.15,81,9.33,0.92
31/10/2011,67.12,67.49,65.74,65.79,57.1,58.71,57.04,57.75,2.43,2.011148522,8.04,10.96,7.15,23,9.25,-1.21
01/11/2011,64.23,64.34,62.37,63.17,56.26,56.44,54.58,54.98,3.42,2.111780771,8.19,10.96,8.04,5,9.46,-1.27
02/11/2011,63.97,64.76,63.83,64.4,55.89,56.23,55.46,55.82,1.59,2.074510716,8.58,10.25,8.04,24,8.98,-0.4
03/11/2011,65.16,66.37,64.5,66.19,56.28,57.53,56.15,57.38,1.97,2.067045665,8.81,10.25,8.04,35,8.77,0.04
04/11/2011,65.59,65.95,65,65.8,57.17,57.35,56.42,57.18,1.19,2.004399546,8.62,8.81,8.04,75,8.45,0.17
07/11/2011,65.71,66.4,65.17,66.29,57.09,58.3,56.87,58.24,1.23,1.949085293,8.05,8.81,8.05,0,8.45,-0.4
08/11/2011,66.44,66.8,65.45,66.65,58.48,58.64,57.53,58.53,1.35,1.906293486,8.12,8.81,8.05,9,8.44,-0.32
09/11/2011,65.17,65.7,64.33,64.55,57.61,57.96,56.92,57.29,2.32,1.935843951,7.26,8.81,7.26,0,8.17,-0.91
10/11/2011,65.09,65.6,64.59,64.83,58.23,58.57,57.81,58.06,1.05,1.872569383,6.77,8.62,6.77,0,7.76,-0.99
11/11/2011,65.43,67.26,65.43,66.92,58.72,59.67,58.68,59.3,2.43,1.912385856,7.62,8.12,6.77,63,7.56,0.06
14/11/2011,68.89,68.97,67.7,67.94,59.16,59.46,58.79,58.85,2.05,1.922215438,9.09,9.09,6.77,100,7.77,1.32
15/11/2011,67.9,68.34,67.05,67.94,58.48,59.83,58.47,59.45,1.29,1.877057192,8.49,9.09,6.77,74,7.85,0.64
16/11/2011,67.13,67.66,66.2,66.34,58.84,59.56,58.34,58.47,1.74,1.867267393,7.87,9.09,6.77,47,7.97,-0.1
17/11/2011,67.2,67.35,65.41,66.09,58.23,58.24,56.32,56.87,1.94,1.872462579,9.22,9.22,7.62,100,8.46,0.76
18/11/2011,66.93,67.85,66.29,67.46,57.08,57.33,56.36,56.75,1.76,1.864429538,10.71,10.71,7.87,100,9.08,1.63
21/11/2011,66.32,66.45,64,65.56,55.71,55.92,54,55.13,3.46,1.978398856,10.43,10.71,7.87,90,9.34,1.09
22/11/2011,65.3,65.44,63.88,64.35,54.75,54.86,53.9,54.4,1.68,1.957084652,9.95,10.71,7.87,73,9.64,0.31
23/11/2011,63.62,63.75,62.33,62.36,53.41,53.8,52.96,52.97,2.02,1.961578606,9.39,10.71,9.22,11,9.94,-0.55
25/11/2011,62.16,63.62,62.12,62.78,52.78,54.22,52.69,53.42,1.5,1.928608705,9.36,10.71,9.36,0,9.97,-0.61
28/11/2011,64.53,65.63,64.53,64.99,54.64,55.43,54.49,54.82,2.85,1.994422369,10.17,10.43,9.36,76,9.86,0.31
29/11/2011,65.02,66,64.84,65.26,54.96,55.52,54.82,55.13,1.16,1.934820771,10.13,10.17,9.36,95,9.8,0.33
30/11/2011,67.08,68.75,66.99,68.69,56.25,57.35,56.13,57.07,3.49,2.045905002,11.62,11.62,9.36,100,10.13,1.49
01/12/2011,68.7,71.71,68.51,70.98,56.86,58,56.69,57.33,3.2,2.128340359,13.65,13.65,9.36,100,10.99,2.66
02/12/2011,71.7,71.98,70.93,71.3,57.76,57.84,56.97,56.99,1.05,2.051316048,14.31,14.31,10.13,100,11.98,2.33
05/12/2011,72.28,72.76,70.35,71.09,57.73,58.18,57,57.42,2.41,2.07693633,13.67,14.31,10.13,85,12.68,0.99
06/12/2011,70.92,71.59,70.8,70.87,57.51,57.9,57.22,57.31,0.79,1.985012306,13.56,14.31,11.62,72,13.36,0.2
07/12/2011,70.3,71.51,69.64,70.6,56.91,57.08,56.47,56.54,1.87,1.976797142,14.06,14.31,13.56,67,13.85,0.21
08/12/2011,70.46,71.13,69.83,70.17,56.33,56.81,55.59,55.7,1.3,1.928454489,14.47,14.47,13.56,100,14.01,0.46
09/12/2011,70.81,72,70.41,71.93,55.85,56.69,55.73,56.4,1.83,1.921422025,15.53,15.53,13.56,100,14.26,1.27
12/12/2011,71.51,71.96,70.18,70.9,56.05,56.44,55.68,55.98,1.78,1.911320452,14.92,15.53,13.56,69,14.51,0.41
13/12/2011,71.67,72.65,70.62,70.9,56.09,56.68,55.09,55.3,2.03,1.919797563,15.6,15.6,14.06,100,14.92,0.68
14/12/2011,70.35,71.54,69.72,69.94,55.08,55.59,55,55.15,1.82,1.912669165,14.79,15.6,14.47,28,15.06,-0.27
15/12/2011,70.81,70.95,70.05,70.61,55.54,55.83,55.26,55.34,1.01,1.848192796,15.27,15.6,14.79,59,15.22,0.05
16/12/2011,71.11,72.37,70.56,71.01,55.78,56.23,55.01,55.66,1.81,1.845464739,15.35,15.6,14.79,69,15.19,0.16
19/12/2011,71.2,71.62,69.91,70.16,56.02,56.36,55.04,55.16,1.71,1.835788687,15,15.6,14.79,26,15.2,-0.2
20/12/2011,71.23,72.68,71.23,72.44,55.91,56.95,55.91,56.75,2.52,1.884660923,15.69,15.69,14.79,100,15.22,0.47
21/12/2011,72.73,73.71,72.06,73.59,56.91,57.36,56.56,57.1,1.65,1.867899429,16.49,16.49,15,100,15.56,0.93
22/12/2011,73.83,74.74,73.48,74.29,57.09,58,57.02,57.8,1.26,1.824478041,16.49,16.49,15,100,15.8,0.69
23/12/2011,74.53,74.71,73.6,73.97,58.08,58.5,57.65,58.49,1.11,1.773443895,15.48,16.49,15,32,15.83,-0.35
27/12/2011,73.68,74.49,73.37,74.27,58.26,58.97,58.15,58.86,1.12,1.726769331,15.41,16.49,15.41,0,15.91,-0.5
28/12/2011,74.48,74.6,73.03,73.26,58.75,58.87,58.09,58.13,1.57,1.715571522,15.13,16.49,15.13,0,15.8,-0.67
29/12/2011,73.44,74.36,73.31,74.11,58.31,58.96,58.29,58.89,1.1,1.671602127,15.22,16.49,15.13,7,15.55,-0.33
30/12/2011,73.86,74.08,73.24,73.35,58.77,59.15,58.46,58.48,0.87,1.614344833,14.87,15.48,14.87,0,15.22,-0.35
03/01/2012,74.7,75,74.12,74.22,59.42,59.56,58.66,58.66,1.65,1.61689163,15.56,15.56,14.87,100,15.24,0.32
04/01/2012,74.1,74.6,73.59,74.33,58.39,58.81,57.95,58.63,1.01,1.573542228,15.7,15.7,14.87,100,15.3,0.4
05/01/2012,73.77,73.9,72.74,73.53,58.15,58.26,57.31,58.15,1.59,1.574717783,15.38,15.7,14.87,61,15.35,0.03
06/01/2012,73.73,74.27,72.95,73.98,58.09,58.22,57.72,57.9,1.32,1.556523656,16.08,16.08,14.87,100,15.52,0.56
09/01/2012,74.81,74.87,74.18,74.53,58.04,58.19,57.59,57.91,0.89,1.508914823,16.62,16.62,15.38,100,15.87,0.75
10/01/2012,75.13,75.34,74.5,75,58.41,58.9,58.17,58.62,0.84,1.461135193,16.38,16.62,15.38,81,16.03,0.35
11/01/2012,74.78,74.95,74.23,74.74,58.33,58.73,58.28,58.51,0.77,1.411768394,16.23,16.62,15.38,69,16.14,0.09
12/01/2012,74.81,75.69,74.78,75.51,58.56,59.88,58.56,59.75,0.95,1.378784937,15.76,16.62,15.76,0,16.21,-0.45
13/01/2012,75.04,75.2,74.16,74.6,59.4,59.44,58.72,58.84,1.35,1.37672887,15.76,16.62,15.76,0,16.15,-0.39
17/01/2012,75.3,76,75.14,75.24,59.33,60.05,59.2,59.63,1.4,1.378391094,15.61,16.38,15.61,0,15.95,-0.34
18/01/2012,74.95,75.45,74.77,75.06,59.55,60.3,59.19,60.17,0.68,1.328506015,14.89,16.23,14.89,0,15.65,-0.76
19/01/2012,75.27,75.92,75.1,75.56,60.34,61.57,60.17,61.31,0.86,1.2950413,14.25,15.76,14.25,0,15.25,-1
20/01/2012,75.68,75.9,75.14,75.52,61.31,61.52,61.07,61.39,0.76,1.256824064,14.13,15.76,14.13,0,14.93,-0.8
23/01/2012,75.66,76.37,75.32,75.51,61.56,61.86,60.32,60.49,1.05,1.242050917,15.02,15.61,14.13,60,14.78,0.24
24/01/2012,75.06,75.62,74.6,75.36,60.16,60.16,59.71,60,1.02,1.226190137,15.36,15.36,14.13,100,14.73,0.63
25/01/2012,73.97,76.7,72.85,75.82,59.44,59.81,58.86,59.59,3.85,1.413605127,16.23,16.23,14.13,100,15,1.23
26/01/2012,75.84,76.36,75,75.31,59.63,59.66,58.96,59.32,1.36,1.40977619,15.99,16.23,14.13,89,15.35,0.64
27/01/2012,74.8,75.23,74.4,74.55,59.05,59.15,58.52,58.71,0.91,1.37407789,15.84,16.23,15.02,68,15.69,0.15
30/01/2012,73.99,74.35,73.68,74.16,57.99,58.48,57.92,58.2,0.87,1.338072327,15.96,16.23,15.36,69,15.88,0.08
31/01/2012,74.51,75.2,73.96,74.18,58.09,58.64,57.93,58.05,1.24,1.331067161,16.13,16.23,15.84,74,16.03,0.1
01/02/2012,74.96,75.89,74.96,75.37,58.33,60.19,58.33,59.25,1.71,1.358133792,16.12,16.13,15.84,97,16.01,0.11
02/02/2012,75.2,75.33,74.5,75.22,58.24,58.94,57.88,58.3,0.87,1.323267093,16.92,16.92,15.84,100,16.19,0.73
03/02/2012,76.09,76.74,75.86,76.34,58.88,58.99,58.19,58.31,1.52,1.337319443,18.03,18.03,15.96,100,16.63,1.4
06/02/2012,75.26,75.55,75.16,75.46,58.03,58.82,58.01,58.8,1.18,1.32608234,16.66,18.03,16.12,28,16.77,-0.11
07/02/2012,75.04,75.35,74.3,75.2,58.82,59.91,58.76,59.84,1.16,1.314219316,15.36,18.03,15.36,0,16.62,-1.26
08/02/2012,74.71,75.65,74.51,75.46,59.88,60.68,59.88,60.5,1.14,1.301775079,14.96,18.03,14.96,0,16.39,-1.43
09/02/2012,75.78,76.23,75.37,75.9,60.57,60.65,60.03,60.21,0.86,1.270219716,15.69,18.03,14.96,24,16.14,-0.45
10/02/2012,75.45,75.56,74.57,74.95,59.85,59.9,59.51,59.81,1.33,1.274489736,15.14,16.66,14.96,11,15.56,-0.42
13/02/2012,75.5,75.51,74.75,74.85,59.97,60.39,59.77,60.3,0.76,1.237740469,14.55,15.69,14.55,0,15.14,-0.59
14/02/2012,75.51,75.57,74.9,75.56,60.09,60.21,59.68,60.21,0.72,1.200759007,15.35,15.69,14.55,70,15.14,0.21
15/02/2012,75.86,76,75,75.21,60.29,60.29,59.55,59.65,1,1.186419078,15.56,15.69,14.55,89,15.26,0.3
16/02/2012,75.04,75.47,74.87,75.27,59.83,59.85,59.03,59.68,0.6,1.144532001,15.59,15.59,14.55,100,15.24,0.35
17/02/2012,75.53,75.55,75.02,75.35,60.05,60.2,59.48,60.08,0.53,1.100636858,15.27,15.59,14.55,69,15.26,0.01
21/02/2012,75.67,75.95,75.08,75.72,60.11,60.38,59.64,59.86,0.87,1.084162797,15.86,15.86,15.27,100,15.53,0.33
22/02/2012,75.56,76.3,75.31,76.06,59.72,60.34,59.57,60.05,0.99,1.077436883,16.01,16.01,15.27,100,15.66,0.35
23/02/2012,75.76,76.17,75.52,75.85,59.35,59.8,59.28,59.62,0.65,1.046905677,16.23,16.23,15.27,100,15.79,0.44
24/02/2012,75.75,76.64,75.63,76.06,59.67,60.78,59.56,59.92,1.01,1.044269557,16.14,16.23,15.27,91,15.9,0.24
27/02/2012,75.69,75.78,75.01,75.21,59.5,60.57,59.5,60.05,1.05,1.044678875,15.16,16.23,15.16,0,15.88,-0.72
28/02/2012,75.18,75.41,74.81,75.16,60.04,60.05,59.56,59.89,0.6,1.012916098,15.27,16.23,15.16,10,15.76,-0.49
29/02/2012,75.28,75.72,74.75,74.95,60,60.29,59.64,59.81,0.97,1.009850662,15.14,16.23,15.14,0,15.59,-0.45
01/03/2012,74.96,75.63,74.86,75.08,60.42,60.42,59.67,60.21,0.77,0.992718472,14.87,16.14,14.87,0,15.32,-0.45
02/03/2012,75.07,75.28,74.63,74.9,60.07,60.24,59.59,59.76,0.65,0.968238581,15.14,15.27,14.87,68,15.12,0.02
05/03/2012,74.95,74.98,73.93,74.13,59.72,60.04,59.61,59.93,1.05,0.974078683,14.2,15.27,14.2,0,14.92,-0.72
06/03/2012,73.24,73.24,72.3,72.56,59.5,59.96,59.44,59.67,1.83,1.03521592,12.89,15.14,12.89,0,14.45,-1.56
07/03/2012,72.58,73.7,72.51,73.52,59.83,60.08,59.55,59.96,1.19,1.046271925,13.56,15.14,12.89,30,14.13,-0.57
08/03/2012,74.27,74.7,73.83,74.17,60.07,60.85,60.07,60.37,1.18,1.055823931,13.8,15.14,12.89,40,13.92,-0.12
09/03/2012,74.14,74.31,73.17,73.29,60.46,60.58,59.97,60.18,1.14,1.061836507,13.11,14.2,12.89,17,13.51,-0.4
12/03/2012,73.2,74.03,73.2,73.6,60.47,60.77,60.1,60.65,0.83,1.045276757,12.95,13.8,12.89,7,13.26,-0.31
13/03/2012,73.88,74.35,73.38,74.31,60.9,61.66,60.6,61.54,0.97,1.039899845,12.77,13.8,12.77,0,13.24,-0.47
14/03/2012,74.32,75.38,74.31,75.23,61.43,62.11,61.28,62.06,1.07,1.042049856,13.17,13.8,12.77,39,13.16,0.01
15/03/2012,75.5,75.63,74.88,75.43,62,62.01,61.4,61.97,0.75,1.021189152,13.46,13.46,12.77,100,13.09,0.37
16/03/2012,75.76,75.81,75,75.2,62.05,62.23,61.74,61.99,0.81,1.006104213,13.21,13.46,12.77,64,13.11,0.1
19/03/2012,75,75.69,75,75.4,62.1,62.31,61.72,61.87,0.69,0.983525341,13.53,13.53,12.77,100,13.23,0.3
20/03/2012,75.09,75.47,74.52,75.14,61.45,61.6,60.99,61.07,0.95,0.981130673,14.07,14.07,13.17,100,13.49,0.58
21/03/2012,75.05,75.44,74.8,75.01,61.1,61.31,60.71,60.83,0.64,0.956764197,14.18,14.18,13.21,100,13.69,0.49
22/03/2012,74.62,74.66,73.37,73.92,60.51,61.12,60.19,60.97,1.64,1.005566754,12.95,14.18,12.95,0,13.59,-0.64
23/03/2012,74.05,74.34,73.75,73.97,61.08,61.22,60.4,60.57,0.59,0.975883414,13.4,14.18,12.95,37,13.63,-0.23
26/03/2012,74.52,75.23,74.47,75.18,60.86,61.62,60.86,61.53,1.26,0.996177456,13.65,14.18,12.95,57,13.65,5.32907E-15
27/03/2012,75.11,75.25,74.8,74.81,61.7,61.75,61.08,61.13,0.45,0.957164781,13.68,14.18,12.95,59,13.57,0.11
28/03/2012,74.99,75.29,73.9,74.33,61.05,61.28,60.52,60.85,1.39,0.988081582,13.48,13.68,12.95,73,13.43,0.05
29/03/2012,73.77,74.15,72.95,74.08,60.49,60.98,60.04,60.89,1.38,1.016075755,13.19,13.68,13.19,0,13.48,-0.29
30/03/2012,74.32,74.44,73.78,74.37,61.25,61.52,60.79,61.08,0.66,0.990641772,13.29,13.68,13.19,20,13.46,-0.17
02/04/2012,74,75.47,73.61,75.17,61.19,62.18,60.96,61.82,1.86,1.052738789,13.35,13.68,13.19,33,13.4,-0.05
03/04/2012,75,75.11,74.15,74.65,62.24,62.33,61.04,61.51,1.02,1.050400304,13.14,13.48,13.14,0,13.29,-0.15
04/04/2012,73.97,74.2,73.49,73.67,61.23,61.64,61.04,61.45,1.16,1.058228854,12.22,13.35,12.22,0,13.04,-0.82
05/04/2012,73.42,73.89,73.3,73.59,61.15,61.21,60.77,60.85,0.59,1.024783935,12.74,13.35,12.22,46,12.95,-0.21
09/04/2012,72.63,72.79,72.27,72.43,60.3,60.3,59.9,60.03,1.32,1.045870797,12.4,13.35,12.22,16,12.77,-0.37
10/04/2012,72.25,72.31,70.59,70.6,59.95,59.95,59.51,59.73,1.84,1.102594312,10.87,13.14,10.87,0,12.27,-1.4
11/04/2012,71.63,72.51,71.49,71.77,60.19,60.46,60.02,60.19,1.91,1.160266147,11.58,12.74,10.87,38,11.96,-0.38
12/04/2012,71.69,73.83,71.69,73.5,60.1,61.39,60.1,61.29,2.14,1.230247136,12.21,12.74,10.87,72,11.96,0.25
13/04/2012,73.18,73.38,72.37,72.92,61.21,61.5,60.81,60.81,1.13,1.223086626,12.11,12.4,10.87,81,11.83,0.28
16/04/2012,72.98,73.19,72.3,72.68,61.08,61.4,60.83,61.04,0.89,1.199294724,11.64,12.21,10.87,57,11.68,-0.04
17/04/2012,73.13,74.36,73.1,74.09,61.3,62,61.01,61.77,1.68,1.233630816,12.32,12.32,11.58,100,11.97,0.35
18/04/2012,73.58,74.24,73.47,73.71,61.9,62.29,61.61,61.92,0.77,1.200514329,11.79,12.32,11.64,22,12.01,-0.22
19/04/2012,73.73,73.96,72.66,73.1,61.74,61.85,60.88,61.02,1.3,1.207620448,12.08,12.32,11.64,65,11.99,0.09
20/04/2012,73.27,74.03,73.1,73.55,61.14,61.91,61.14,61.81,0.93,1.187790416,11.74,12.32,11.64,15,11.91,-0.17
23/04/2012,72.69,73.13,72.17,72.86,61.4,61.8,60.96,61.58,1.38,1.201519672,11.28,12.32,11.28,0,11.84,-0.56
24/04/2012,73.21,73.74,72.77,73.21,61.57,62.8,61.57,62.73,0.97,1.184982553,10.48,12.08,10.48,0,11.47,-0.99
25/04/2012,75.05,77.5,74.9,77.08,63.54,65.78,62.43,63.01,4.29,1.406769513,14.07,14.07,10.48,100,11.93,2.14
26/04/2012,76.71,77.2,76.55,76.99,63.06,63.9,62.87,63.44,0.65,1.352714548,13.55,14.07,10.48,86,12.22,1.33
27/04/2012,77.28,77.57,76.9,77.27,63.76,64.28,63.54,63.75,0.67,1.303949223,13.52,14.07,10.48,85,12.58,0.94
30/04/2012,76.51,76.87,75.68,76.8,63.43,63.63,63.04,63.28,1.59,1.324381421,13.52,14.07,10.48,85,13.03,0.49
01/05/2012,76.59,77.83,75.85,77.25,63.37,63.8,62.95,63.46,1.98,1.37121132,13.79,14.07,13.52,49,13.69,0.1
02/05/2012,76.77,77.5,76.34,77.26,62.97,63.39,62.9,63.35,1.16,1.356124797,13.91,13.91,13.52,100,13.66,0.25
03/05/2012,77.13,77.33,76.52,76.83,63.26,63.31,62.71,62.84,0.81,1.317115883,13.99,13.99,13.52,100,13.75,0.24
04/05/2012,76.35,76.56,75.5,75.84,62.61,62.94,61.9,61.9,1.33,1.318036177,13.94,13.99,13.52,89,13.83,0.11
07/05/2012,75.79,76.08,75.37,75.96,61.7,61.93,61.48,61.78,0.71,1.274605022,14.18,14.18,13.79,100,13.96,0.22
08/05/2012,75.38,75.6,74.55,75.4,61.39,61.46,60.91,61.37,1.41,1.284276091,14.03,14.18,13.91,44,14.01,0.02
09/05/2012,74.25,74.86,73.32,74.05,60.9,61.3,60.47,60.68,2.08,1.341113513,13.37,14.18,13.37,0,13.9,-0.53
10/05/2012,74.46,75.07,73.63,73.8,61.02,61.24,60.58,60.7,1.44,1.348176834,13.1,14.18,13.1,0,13.72,-0.62
11/05/2012,73.59,74.11,73.25,73.56,60.4,60.59,59.72,59.91,0.86,1.31330706,13.65,14.18,13.1,51,13.67,-0.02
14/05/2012,72.89,73.79,72.35,73.12,59.54,60.41,59.25,60.11,1.44,1.322356556,13.01,14.03,13.01,0,13.43,-0.42
15/05/2012,73,73.67,72.42,72.58,59.98,60.14,59.72,59.8,1.25,1.31718823,12.78,13.65,12.78,0,13.18,-0.4
16/05/2012,72.82,73.51,72.29,72.35,60.17,60.32,59.57,59.57,1.22,1.310246214,12.78,13.65,12.78,0,13.06,-0.28
17/05/2012,72.31,72.48,69.46,69.73,59.55,59.83,58.49,58.5,3.02,1.432371484,11.23,13.65,11.23,0,12.69,-1.46
18/05/2012,69.95,70.34,68.93,69.15,58.75,58.93,57.98,58.08,1.41,1.430773521,11.07,13.01,11.07,0,12.17,-1.1
21/05/2012,70.46,71.85,70.14,71.78,58.28,59.01,58.14,58.99,2.7,1.521432555,12.79,12.79,11.07,100,12.13,0.66
22/05/2012,71.65,72.21,71.08,71.48,59.07,59.57,58.83,59.1,1.13,1.493473087,12.38,12.79,11.07,76,12.05,0.33
23/05/2012,70.69,71.63,69.92,71.57,58.46,58.72,57.61,58.64,1.71,1.508939295,12.93,12.93,11.07,100,12.08,0.85
24/05/2012,71.64,71.95,70.25,71.39,59.02,59.07,58.09,58.81,1.7,1.522586488,12.58,12.93,11.07,81,12.35,0.23
25/05/2012,71.21,71.39,69.66,70,58.19,59.21,58.19,58.5,1.73,1.537401739,11.5,12.93,11.5,0,12.44,-0.94
29/05/2012,70.28,70.5,69.75,70.4,58.69,59.22,58.69,58.98,0.75,1.481158758,11.42,12.93,11.42,0,12.16,-0.74
30/05/2012,69.88,70.09,69.25,69.39,58.54,59.31,58.53,58.85,1.15,1.457504561,10.54,12.93,10.54,0,11.79,-1.25
31/05/2012,69.54,70.11,69.07,69.61,58.89,59.25,58.64,58.75,1.04,1.427682807,10.86,12.58,10.54,16,11.38,-0.52
01/06/2012,68.67,68.88,67.14,67.24,58.15,58.2,57.42,57.42,2.47,1.502134035,9.82,11.5,9.82,0,10.83,-1.01
04/06/2012,68.15,68.15,67.05,67.5,57.5,57.79,56.9,57.11,1.1,1.473410175,10.39,11.42,9.82,36,10.61,-0.22
05/06/2012,67.31,67.7,66.82,67.58,56.94,57.41,56.59,57.29,0.88,1.431023734,10.29,10.86,9.82,45,10.38,-0.09
06/06/2012,67.97,69.02,67.96,69.02,57.6,58.62,57.32,58.59,1.44,1.431664896,10.43,10.86,9.82,59,10.36,0.07
07/06/2012,69.57,70.33,69.43,69.95,59.2,59.92,59.17,59.35,1.31,1.422974546,10.6,10.6,9.82,100,10.31,0.29
08/06/2012,69.66,69.97,69.27,69.94,59.13,59.77,59.01,59.77,0.7,1.371333507,10.17,10.6,10.17,0,10.38,-0.21
11/06/2012,70.61,70.85,69.8,70.11,60.12,60.33,59.22,59.28,1.05,1.348381114,10.83,10.83,10.17,100,10.46,0.37
12/06/2012,70.93,72.82,70.74,72.58,59.58,60,59.32,59.93,2.71,1.445639606,12.65,12.65,10.17,100,10.94,1.71
13/06/2012,72.41,72.7,71.57,72.06,59.75,60.26,59.48,59.75,1.13,1.423093919,12.31,12.65,10.17,86,11.31,1
14/06/2012,72.08,72.3,71.39,71.85,59.89,61.07,59.59,60.53,0.91,1.386444354,11.32,12.65,10.17,46,11.46,-0.14
15/06/2012,72.09,72.38,71.58,71.99,60.93,61.2,60.65,61.18,0.8,1.344555471,10.81,12.65,10.81,0,11.58,-0.77
18/06/2012,71.69,72.34,71.25,71.9,60.9,61.74,60.82,61.52,1.09,1.326372938,10.38,12.65,10.38,0,11.49,-1.11
19/06/2012,72.36,73.22,72.02,72.92,61.85,62.57,61.65,62.24,1.32,1.325917728,10.68,12.31,10.38,16,11.1,-0.42
20/06/2012,72.7,73.46,72.35,73.01,62.25,62.55,61.83,62.29,1.11,1.310495033,10.72,11.32,10.38,36,10.78,-0.06
21/06/2012,73.35,73.62,71.25,71.37,62.28,62.53,61.78,61.84,2.37,1.386173959,9.53,10.81,9.53,0,10.42,-0.89
22/06/2012,71.55,72.1,71.07,71.96,62.18,62.33,61.67,62.11,1.03,1.360732962,9.85,10.72,9.53,27,10.23,-0.38
25/06/2012,71.81,71.92,71.03,71.05,62.07,62.07,61.27,61.48,0.93,1.329966322,9.57,10.72,9.53,3,10.07,-0.5
26/06/2012,71.3,71.63,70.48,70.93,61.69,61.71,60.79,61.08,1.15,1.317111585,9.85,10.72,9.53,27,9.9,-0.05
27/06/2012,70.98,72.04,70.95,71.87,60.74,62.43,60.74,62.13,1.11,1.3023179,9.74,9.85,9.53,66,9.71,0.03
28/06/2012,71.15,71.74,70.63,71.58,61.67,61.81,61.19,61.73,1.24,1.297866622,9.85,9.85,9.57,100,9.77,0.08
29/06/2012,73.06,74.37,72.89,74.3,62.36,63.8,62.36,63.79,2.79,1.404447577,10.51,10.51,9.57,100,9.9,0.61
02/07/2012,74.21,74.74,72.45,73.18,63.85,64.05,63.15,63.54,2.29,1.467701322,9.64,10.51,9.64,0,9.92,-0.28
03/07/2012,73.08,74.27,73.08,74.27,63.6,64.18,63.47,63.94,1.19,1.447865513,10.33,10.51,9.64,79,10.01,0.32
05/07/2012,74.38,74.74,73.85,74.44,63.78,64.13,63.65,63.93,0.89,1.408017976,10.51,10.51,9.64,100,10.17,0.34
06/07/2012,73.78,73.81,72.9,73.69,63.44,63.56,63,63.47,1.54,1.417445264,10.22,10.51,9.64,67,10.24,-0.02
09/07/2012,74.27,74.85,73.8,74.03,63.48,63.71,63.13,63.61,1.16,1.399056316,10.42,10.51,9.64,90,10.22,0.2
10/07/2012,74.63,75.05,72.89,73.22,63.82,64.29,62.8,63.08,2.16,1.453409437,10.14,10.51,10.14,0,10.32,-0.18
11/07/2012,72.69,72.76,71.23,71.52,63.21,63.23,62.61,62.82,1.99,1.491737334,8.7,10.51,8.7,0,10,-1.3
12/07/2012,71.2,72.02,70.85,71.71,62.49,62.72,61.86,62.16,1.17,1.468756096,9.55,10.42,8.7,49,9.81,-0.26
13/07/2012,71.93,73.56,71.85,73.51,62.52,63.79,62.37,63.79,1.85,1.495987803,9.72,10.42,8.7,59,9.71,0.01
16/07/2012,73.13,73.19,72.25,72.97,63.53,63.76,63.05,63.49,1.26,1.479131532,9.48,10.14,8.7,54,9.52,-0.04
17/07/2012,73.25,73.51,72.04,73.11,63.57,64.3,62.97,64.13,1.47,1.478479279,8.98,9.72,8.7,27,9.29,-0.31
18/07/2012,72.71,74.44,72.71,73.89,63.9,65.19,63.9,65.12,1.73,1.496445045,8.77,9.72,8.77,0,9.3,-0.53
19/07/2012,73.99,75.11,73.7,74.86,64.88,65.35,64.5,65.12,1.41,1.490270399,9.74,9.74,8.77,100,9.34,0.4
20/07/2012,74.5,74.8,73.61,73.89,64.46,65.34,64.42,64.76,1.25,1.473108228,9.13,9.74,8.77,37,9.22,-0.09
23/07/2012,72.31,73.08,71.58,72.91,64.04,64.27,63.67,63.76,2.31,1.532886211,9.15,9.74,8.77,39,9.15,-1.77636E-15
24/07/2012,72.87,73.17,71.35,72.03,63.48,64.32,62.93,64.18,1.82,1.553394339,7.85,9.74,7.85,0,8.93,-1.08
25/07/2012,74.2,74.48,72.7,74.03,64.3,64.38,63.23,63.91,2.45,1.617437601,10.12,10.12,7.85,100,9.2,0.92
26/07/2012,75.13,75.96,74.27,74.91,65.16,65.47,64.19,64.8,1.93,1.639763486,10.11,10.12,7.85,100,9.27,0.84
27/07/2012,75.58,75.94,75.08,75.51,65.09,66.04,64.68,65.8,1.03,1.596208952,9.71,10.12,7.85,82,9.39,0.32
30/07/2012,74.6,75.59,74.43,74.86,65.65,66.8,65.11,66.76,1.16,1.565051169,8.1,10.12,7.85,11,9.18,-1.08
31/07/2012,74.82,75.06,73.88,73.91,66.49,66.68,66.1,66.2,1.18,1.537547514,7.71,10.12,7.71,0,9.15,-1.44
01/08/2012,74.32,74.48,72.64,72.77,66.39,66.69,65.79,65.84,1.84,1.559151263,6.93,10.11,6.93,0,8.51,-1.58
02/08/2012,72.39,72.52,71.15,71.99,65.63,65.95,64.73,65.61,1.62,1.563497602,6.38,9.71,6.38,0,7.77,-1.39
03/08/2012,73.13,73.34,72.68,72.81,66.76,66.84,66.3,66.37,1.35,1.548247773,6.44,8.1,6.38,3,7.11,-0.67
06/08/2012,73.21,73.33,72.71,72.89,66.69,66.72,66.1,66.31,0.62,1.481944361,6.58,7.71,6.38,15,6.81,-0.23
07/08/2012,73.27,74.55,72.93,74.46,66.67,67.33,66.46,67.2,1.66,1.494662621,7.26,7.26,6.38,100,6.72,0.54
08/08/2012,74.03,74.69,74.01,74.6,66.99,68.02,66.75,67.85,0.68,1.436472433,6.75,7.26,6.38,42,6.68,0.07
09/08/2012,74.61,74.61,73.91,74.28,67.6,68.55,67.51,68.4,0.7,1.38386726,5.88,7.26,5.88,0,6.58,-0.7
10/08/2012,73.87,74.31,73.76,74.21,68.18,68.54,67.95,68.5,0.55,1.324305312,5.71,7.26,5.71,0,6.44,-0.73
13/08/2012,73.71,74.43,73.6,74.19,68.33,68.76,67.73,68.67,0.83,1.28899779,5.52,7.26,5.52,0,6.22,-0.7
14/08/2012,74.3,74.44,73.6,73.81,69.01,69.02,68.23,68.36,0.84,1.256926519,5.45,6.75,5.45,0,5.86,-0.41
15/08/2012,73.34,73.65,72.75,73.07,68.05,68.45,67.85,68.28,1.06,1.242860339,4.79,5.88,4.79,0,5.47,-0.68
16/08/2012,73.1,73.75,73.02,73.64,68.28,68.89,68.24,68.79,0.73,1.206227458,4.85,5.71,4.79,7,5.26,-0.41
17/08/2012,73.69,73.98,73.4,73.91,68.92,69.37,68.71,69.32,0.58,1.161496925,4.59,5.52,4.59,0,5.04,-0.45
20/08/2012,73.61,74,73.34,73.83,69.38,69.88,69.28,69.75,0.66,1.125675716,4.08,5.45,4.08,0,4.75,-0.67
21/08/2012,74.09,74.36,73.12,73.27,69.86,70.2,69.38,69.52,1.24,1.133841737,3.75,4.85,3.75,0,4.41,-0.66
22/08/2012,73.34,73.6,72.55,72.8,69.31,69.49,68.17,68.34,1.05,1.127853041,4.46,4.85,3.75,65,4.35,0.11
23/08/2012,72.09,72.15,70.02,70.36,67.42,67.65,66.66,66.92,2.78,1.245863538,3.44,4.59,3.44,0,4.06,-0.62
24/08/2012,70.32,71.17,70.05,71.09,66.82,67.5,66.63,67.4,1.12,1.236873286,3.69,4.46,3.44,25,3.88,-0.19
27/08/2012,70.95,71.78,70.88,71.38,67.54,67.77,67.07,67.11,0.9,1.212810908,4.27,4.46,3.44,81,3.92,0.35
28/08/2012,71.18,71.85,71.05,71.52,66.94,67.04,66.21,66.91,0.8,1.183324415,4.61,4.61,3.44,100,4.09,0.52
29/08/2012,71.64,71.99,71.13,71.44,67.17,67.49,67,67.25,0.86,1.160229814,4.19,4.61,3.44,64,4.04,0.15
30/08/2012,71.05,71.13,70.5,70.82,66.95,67.16,66.53,66.56,0.94,1.144499113,4.26,4.61,3.69,62,4.2,0.06
31/08/2012,71.27,71.75,70.61,71.4,66.95,67.46,66.53,66.89,1.14,1.144177747,4.51,4.61,4.19,76,4.37,0.14
04/09/2012,71.5,71.5,70.4,70.87,66.89,67.07,66.03,66.75,1.1,1.141022194,4.12,4.61,4.12,0,4.34,-0.22
05/09/2012,71.38,72.05,71.11,71.92,66.71,67.04,66.18,66.52,1.18,1.143806323,5.4,5.4,4.12,100,4.5,0.9
06/09/2012,72.37,73.27,72.37,72.82,67.07,68.12,66.98,67.69,1.35,1.158534443,5.13,5.4,4.12,79,4.68,0.45
07/09/2012,72.87,73.03,72.55,72.89,67.7,67.77,67.13,67.37,0.48,1.110067697,5.52,5.52,4.12,100,4.94,0.58
10/09/2012,72.31,72.32,70.81,71.08,67.4,67.41,66.87,67.05,2.08,1.179348576,4.03,5.52,4.03,0,4.84,-0.81
11/09/2012,71.19,71.67,71.15,71.27,67.16,67.53,66.94,67.42,0.59,1.137252249,3.85,5.52,3.85,0,4.79,-0.94
12/09/2012,71.43,71.68,70.8,70.96,67.77,68.27,67.57,67.93,0.88,1.118877088,3.03,5.52,3.03,0,4.31,-1.28
13/09/2012,70.68,71.99,70.44,71.58,66.77,67.29,65.45,67.01,1.55,1.149671582,4.57,5.52,3.03,62,4.2,0.37
14/09/2012,72.02,72.43,71,71.28,66.91,67.23,65.9,66.33,1.43,1.16969504,4.95,4.95,3.03,100,4.09,0.86
17/09/2012,70.77,70.82,69.89,69.92,66.15,66.7,66.01,66.48,1.39,1.185431109,3.44,4.95,3.03,21,3.97,-0.53
18/09/2012,69.86,70.46,69.56,70.45,66.39,66.89,66.06,66.89,0.9,1.165043173,3.56,4.95,3.03,28,3.91,-0.35
19/09/2012,70.74,70.74,69.88,69.9,66.89,67.06,66.14,66.9,0.86,1.143254374,3,4.95,3,0,3.9,-0.9
20/09/2012,69.35,69.86,69.03,69.85,66.67,67,66.27,66.94,0.87,1.123736205,2.91,4.95,2.91,0,3.57,-0.66
21/09/2012,70.09,70.15,69.47,69.97,66.9,67.26,66.8,66.89,0.68,1.092040762,3.08,3.56,2.91,26,3.2,-0.12
24/09/2012,69.45,70.18,69.21,70.03,66.5,66.81,65.75,66.56,0.97,1.083323564,3.47,3.56,2.91,86,3.2,0.27
25/09/2012,70.29,70.49,69.38,69.38,66.74,66.79,65.66,65.79,1.11,1.085229024,3.59,3.59,2.91,100,3.21,0.38
26/09/2012,69.34,70.51,69.31,70.25,65.84,66.49,65.82,66.19,1.2,1.093426951,4.06,4.06,2.91,100,3.42,0.64
27/09/2012,70.4,70.55,69.71,70.1,66.56,66.7,65.97,66.47,0.84,1.075325026,3.63,4.06,3.08,56,3.57,0.06
28/09/2012,69.75,70.05,69.18,69.6,66.2,66.65,65.58,66.43,0.92,1.064230381,3.17,4.06,3.17,0,3.58,-0.41
01/10/2012,69.86,70.67,69.8,70.01,66.6,67.96,66.4,67.58,1.07,1.064642497,2.43,4.06,2.43,0,3.38,-0.95
02/10/2012,70.11,70.3,69.2,69.53,67.8,67.91,67.06,67.86,1.1,1.067168033,1.67,4.06,1.67,0,2.99,-1.32
03/10/2012,69.9,70,69.36,69.86,67.95,68.25,67.62,68.08,0.64,1.03665603,1.78,3.63,1.67,6,2.54,-0.76
04/10/2012,70.24,70.38,69.72,69.94,68.3,68.93,68.19,68.79,0.66,1.009752028,1.15,3.17,1.15,0,2.04,-0.89
05/10/2012,70.26,71.25,70.21,70.89,69.23,69.8,68.99,69.41,1.31,1.031198312,1.48,2.43,1.15,26,1.7,-0.22
08/10/2012,70.72,71.19,70.55,70.57,69.24,69.56,68.96,69.09,0.64,1.003255575,1.48,1.78,1.15,52,1.51,-0.03
09/10/2012,70.7,71.21,70.36,70.64,69.11,69.56,68.69,69,0.85,0.992308749,1.64,1.78,1.15,78,1.51,0.13
10/10/2012,70.8,71.3,70.23,70.34,69.01,69.01,68.06,68.21,1.07,0.997858124,2.13,2.13,1.15,100,1.58,0.55
11/10/2012,70.9,71.55,70.8,70.83,68.68,69.23,68.57,68.64,1.21,1.013011115,2.19,2.19,1.48,100,1.78,0.41
12/10/2012,71.08,72.24,71,71.85,68.72,69.39,68.49,68.82,1.41,1.041367464,3.03,3.03,1.48,100,2.09,0.94
15/10/2012,71.85,72.28,71.68,72.25,68.81,69.54,68.81,69.46,0.6,1.009841216,2.79,3.03,1.64,83,2.36,0.43
16/10/2012,72.76,73.71,72.5,73.48,69.63,70.58,69.61,70.36,1.46,1.041995415,3.12,3.12,2.13,100,2.65,0.47
17/10/2012,73.74,73.9,72.63,73.63,70.49,70.79,70.1,70.6,1.27,1.058281457,3.03,3.12,2.19,90,2.83,0.2
18/10/2012,73.52,74.26,73.24,74.26,70.49,71.25,70.32,71.13,1.02,1.055547067,3.13,3.13,2.79,100,3.02,0.11
19/10/2012,74.03,74.23,73.59,74.01,70.65,70.73,69.91,70.27,0.67,1.028007991,3.74,3.74,2.79,100,3.16,0.58
22/10/2012,73.8,74.15,73.25,73.7,70.26,70.43,69.61,70.2,0.9,1.018864563,3.5,3.74,3.03,66,3.3,0.2
23/10/2012,72.99,73.23,72.61,72.82,69.71,69.99,68.94,69.66,1.09,1.023945666,3.16,3.74,3.03,18,3.31,-0.15
24/10/2012,74.95,75,72.25,72.71,70.26,70.99,68.88,69.33,2.75,1.147235261,3.38,3.74,3.13,41,3.38,-4.44089E-15
25/10/2012,73.05,73.09,70.65,71.54,70,70.26,68.42,69.04,2.44,1.239575599,2.5,3.74,2.5,0,3.26,-0.76
26/10/2012,71.16,71.58,70.55,71.11,69.05,69.69,67.93,68.02,1.03,1.224605914,3.09,3.5,2.5,59,3.13,-0.04
31/10/2012,71.35,71.45,70.27,70.44,68.32,69.82,67.88,68.69,1.18,1.221419777,1.75,3.38,1.75,0,2.78,-1.03
01/11/2012,70.59,71.56,70.44,70.79,68.83,69.65,68.35,68.92,1.12,1.214175507,1.87,3.38,1.75,7,2.52,-0.65
02/11/2012,71,71.36,69.96,70.05,69.32,69.71,68.91,68.98,1.4,1.227448685,1.07,3.09,1.07,0,2.06,-0.99
05/11/2012,69.87,70.6,69.85,70.41,68.58,69.14,68.1,68.96,0.75,1.193345208,1.45,3.09,1.07,19,1.85,-0.4
06/11/2012,70.47,72.44,70.47,72.02,69.02,70.84,68.93,69.88,2.03,1.253106264,2.14,2.14,1.07,100,1.66,0.48
07/11/2012,70.69,70.77,69.3,70.11,68.96,68.96,65.55,66.7,2.72,1.357884388,3.41,3.41,1.07,100,1.99,1.42
08/11/2012,70.13,71.32,70.09,70.98,66.49,66.83,65.41,65.42,1.23,1.348749789,5.56,5.56,1.07,100,2.73,2.83
09/11/2012,70.76,73.3,70.6,73.25,65.29,66.18,64.65,65.6,2.7,1.445267661,7.65,7.65,1.45,100,4.04,3.61
12/11/2012,73.41,74.18,73.28,73.69,65.6,65.96,64.64,65.4,0.93,1.408462828,8.29,8.29,2.14,100,5.41,2.88
13/11/2012,73.02,74.25,72.84,73.36,65.14,65.93,64.98,65.37,1.41,1.408572626,7.99,8.29,3.41,94,6.58,1.41
14/11/2012,73.34,73.65,71.12,71.29,65.29,65.69,63.41,63.59,2.53,1.488674582,7.7,8.29,5.56,78,7.44,0.26
15/11/2012,71.22,71.99,70.78,71.04,63.47,63.71,63.08,63.23,1.21,1.468769254,7.81,8.29,7.65,25,7.89,-0.08
16/11/2012,71.19,71.22,70.29,70.77,63.52,63.88,62.8,63.57,0.93,1.430285736,7.2,8.29,7.2,0,7.8,-0.6
19/11/2012,71.49,72.08,71.08,71.96,64.22,64.73,64.02,64.72,1.31,1.421693898,7.24,7.99,7.2,5,7.59,-0.35
20/11/2012,71.87,72.8,71.79,72.54,64.64,65.16,64.31,65.08,1.01,1.392287191,7.46,7.81,7.2,43,7.48,-0.02
21/11/2012,72.54,73.86,72.39,73.15,64.98,65.02,64.48,64.93,1.47,1.397838106,8.22,8.22,7.2,100,7.59,0.63
23/11/2012,73.35,73.75,73.09,73.74,65.11,65.41,64.91,65.36,0.66,1.345135384,8.38,8.38,7.2,100,7.7,0.68
26/11/2012,73.4,74.3,73.2,74.27,65.04,65.35,64.71,64.99,1.1,1.327625714,9.28,9.28,7.24,100,8.12,1.16
27/11/2012,74.12,74.54,73.6,74.49,65.03,65.93,64.85,65.33,0.94,1.299938163,9.16,9.28,7.46,93,8.5,0.66
28/11/2012,74,74.24,73.15,74.09,65.17,66.13,64.82,66.06,1.34,1.302799723,8.03,9.28,8.03,0,8.61,-0.58
29/11/2012,74.36,74.86,73.84,74.12,66.24,66.82,66.01,66.65,1.02,1.282599742,7.47,9.28,7.47,0,8.46,-0.99
30/11/2012,74.36,74.66,73.86,74.28,67.29,67.29,66.43,66.7,0.8,1.248128332,7.58,9.28,7.47,6,8.3,-0.72
03/12/2012,74.41,74.49,73.57,74.02,66.92,67.03,65.77,65.79,0.92,1.224690594,8.23,9.16,7.47,45,8.09,0.14
04/12/2012,73.89,74.71,73.73,74.05,65.78,66.78,65.5,66.65,0.98,1.207212695,7.4,8.23,7.4,0,7.74,-0.34
05/12/2012,73.94,74.45,73.18,73.87,66.58,67.15,65.83,66.76,1.27,1.211697502,7.11,8.23,7.11,0,7.56,-0.45
06/12/2012,73.8,73.99,72.93,73.98,66.69,67.27,66.28,67.27,1.06,1.200861966,6.71,8.23,6.71,0,7.41,-0.7
07/12/2012,74.09,74.66,73.61,74.64,67.36,67.7,66.87,67.53,1.05,1.190086112,7.11,8.23,6.71,26,7.31,-0.2
10/12/2012,74.62,75.58,74.43,75.53,67.3,68.24,67.04,68.04,1.15,1.187222818,7.49,7.49,6.71,100,7.16,0.33
11/12/2012,75.62,76.05,75.5,75.82,68.31,68.91,67.89,67.95,0.55,1.141706902,7.87,7.87,6.71,100,7.26,0.61
12/12/2012,75.84,76.04,75.26,75.47,68.19,68.96,67.98,68.15,0.78,1.115870695,7.32,7.87,6.71,53,7.3,0.02
13/12/2012,75.42,75.49,74.1,74.32,68.21,68.36,67.31,67.37,1.39,1.13545136,6.95,7.87,6.95,0,7.35,-0.4
14/12/2012,74.33,74.66,73.87,74.02,67.18,67.36,66.39,66.8,0.79,1.110776263,7.22,7.87,6.95,29,7.37,-0.15
17/12/2012,74.2,74.66,73.53,74.65,67.04,67.61,66.74,67.13,1.13,1.112149387,7.52,7.87,6.95,62,7.38,0.14
18/12/2012,74.3,75.7,74.14,75.52,67.13,68.54,67.13,68.51,1.56,1.144138716,7.01,7.52,6.95,11,7.2,-0.19
19/12/2012,75.61,76.19,75.3,75.51,68.43,69.17,68.04,68.7,0.89,1.125985951,6.81,7.52,6.81,0,7.1,-0.29
20/12/2012,75.75,76.24,75.51,76.2,68.5,69.11,68.44,69,0.73,1.09770124,7.2,7.52,6.81,55,7.15,0.05
21/12/2012,75.08,76.22,74.58,76.17,68.08,68.91,68.08,68.63,1.64,1.136436866,7.54,7.54,6.81,100,7.22,0.32
24/12/2012,75.89,76.56,75.53,75.97,68.39,68.93,68.15,68.69,1.03,1.128834232,7.28,7.54,6.81,64,7.17,0.11
26/12/2012,75.97,76.3,75.75,76.02,68.7,68.98,67.93,68.02,0.55,1.08748893,8,8,6.81,100,7.37,0.63
27/12/2012,76.01,76.3,75.01,75.83,68.09,68.31,67.04,67.74,1.29,1.101954007,8.09,8.09,7.2,100,7.62,0.47
28/12/2012,75.21,75.74,74.56,74.69,67.19,67.7,66.69,66.76,1.27,1.113957292,7.93,8.09,7.28,80,7.77,0.16
31/12/2012,74.61,75.41,74,75.36,66.51,67.71,65.87,67.58,1.41,1.135103199,7.78,8.09,7.28,62,7.82,-0.04
02/01/2013,76.55,77.33,76.45,77.07,68.79,68.98,67.54,68.17,1.97,1.194738685,8.9,8.9,7.78,100,8.14,0.76
03/01/2013,76.99,77.98,76.37,77.47,68.33,68.71,67.84,67.94,1.61,1.224400208,9.53,9.53,7.78,100,8.45,1.08
04/01/2013,77.79,78.02,77.44,77.69,68.23,68.79,67.78,68.76,0.58,1.178371621,8.93,9.53,7.78,66,8.61,0.32
07/01/2013,77.54,77.69,75.34,76.13,69.09,69.61,68.04,68.67,2.35,1.262059363,7.46,9.53,7.46,0,8.52,-1.06
08/01/2013,75.24,75.81,73.11,74.13,68.02,68.64,66.99,67.34,3.02,1.387626551,6.79,9.53,6.79,0,8.32,-1.53
09/01/2013,74.92,76.81,74.91,76.76,67.41,67.8,67.01,67.04,2.68,1.47993894,9.72,9.72,6.79,100,8.49,1.23
10/01/2013,76.93,77.12,76.16,77.09,67.39,67.64,67.14,67.4,0.96,1.442800445,9.69,9.72,6.79,99,8.52,1.17
11/01/2013,75.71,76.1,74.6,75.16,67.43,67.6,66.85,67.07,2.49,1.517600413,8.09,9.72,6.79,44,8.35,-0.26
14/01/2013,75.23,76.59,74.9,76.55,67.1,67.62,66.8,67.22,1.69,1.529914669,9.33,9.72,6.79,87,8.72,0.61
15/01/2013,76.21,76.98,76.18,76.94,66.83,67.65,66.76,67.48,0.8,1.477777907,9.46,9.72,8.09,84,9.26,0.2
16/01/2013,73.85,74.64,73.56,74.34,67.07,67.15,66.6,66.85,3.38,1.613650914,7.49,9.69,7.49,0,8.81,-1.32
17/01/2013,72.78,75.63,72.68,75.26,66.95,67.52,66.76,67.14,2.95,1.70910442,8.12,9.46,7.49,32,8.5,-0.38
18/01/2013,75.16,75.16,74.29,75.04,67.39,67.61,66.77,67.49,0.97,1.656311247,7.55,9.46,7.49,3,8.39,-0.84
22/01/2013,74.12,74.27,73.77,74.16,67.46,68.59,67.35,68.35,1.27,1.628717586,5.81,9.46,5.81,0,7.69,-1.88
23/01/2013,73.99,74.59,73.45,74.29,67.43,68.87,67,68.71,1.14,1.593809187,5.58,8.12,5.58,0,6.91,-1.33
24/01/2013,74.41,75.54,74.41,75.32,68.79,68.9,68.09,68.23,1.25,1.569251388,7.09,8.12,5.58,59,6.83,0.26
25/01/2013,75.29,75.42,74.79,75.03,68.35,68.35,67.6,67.74,0.63,1.502162003,7.29,7.55,5.58,87,6.66,0.63
28/01/2013,73.9,74.65,73.89,74,67.89,67.89,66.26,66.57,1.14,1.476293289,7.43,7.43,5.58,100,6.64,0.79
29/01/2013,74.24,74.24,73,73.65,66.68,67.28,66.29,66.77,1.24,1.459415197,6.88,7.43,5.58,70,6.85,0.03
30/01/2013,74.42,74.75,73.73,74.59,66.53,67.25,66.12,66.34,1.1,1.433742683,8.25,8.25,6.88,100,7.39,0.86
31/01/2013,74.5,74.62,73.76,73.87,66,66.14,64.95,65.04,0.86,1.392761063,8.83,8.83,6.88,100,7.74,1.09
01/02/2013,74.49,75.07,74.23,74.87,65.28,65.53,64.8,65.13,1.2,1.378992415,9.74,9.74,6.88,100,8.23,1.51
04/02/2013,74.29,75.53,74.25,75.21,64.68,65.21,64.35,64.38,1.28,1.371921528,10.83,10.83,6.88,100,8.91,1.92
05/02/2013,75.69,76.98,75.61,75.89,64.88,65.49,64.5,64.88,1.77,1.400355705,11.01,11.01,8.25,100,9.73,1.28
06/02/2013,75.47,76.3,75.4,76.29,64.77,65.31,64.66,65.2,0.9,1.364616012,11.09,11.09,8.83,100,10.3,0.79
07/02/2013,76.32,77.54,76.28,77.43,65.27,65.86,65.13,65.69,1.26,1.35714344,11.74,11.74,9.74,100,10.88,0.86
08/02/2013,77.24,77.39,76.28,76.56,65.62,66.14,65.62,66.09,1.15,1.34234748,10.47,11.74,10.47,0,11.03,-0.56
11/02/2013,76.42,76.44,75.85,75.87,65.96,66.25,65.78,66.12,0.71,1.297179802,9.75,11.74,9.75,0,10.81,-1.06
12/02/2013,76.06,76.25,75.83,75.99,66.34,66.56,65.91,66.34,0.42,1.234524102,9.65,11.74,9.65,0,10.54,-0.89
13/02/2013,75.67,75.83,74.63,74.78,66.46,66.75,65.54,65.76,1.36,1.243486666,9.02,11.74,9.02,0,10.13,-1.11
14/02/2013,74.69,75.31,74.54,74.93,65.42,66.24,65.27,65.8,0.77,1.20966619,9.13,10.47,9.02,8,9.6,-0.47
15/02/2013,75.26,75.26,74.72,75.03,65.5,65.74,65.4,65.63,0.54,1.161832891,9.4,9.75,9.02,52,9.39,0.01
19/02/2013,74.99,75.19,74.27,74.65,65.75,66.29,65.65,66.2,0.92,1.144559113,8.45,9.65,8.45,0,9.13,-0.68
20/02/2013,75.64,76.25,74.75,74.78,66.14,66.95,66.01,66.04,1.6,1.177090605,8.74,9.4,8.45,31,8.95,-0.21
21/02/2013,74.96,76.18,74.91,76.01,65.96,65.96,65.13,65.37,1.4,1.193012705,10.64,10.64,8.45,100,9.27,1.37
22/02/2013,76.7,77.03,76.48,76.66,65.46,66.32,65.44,65.97,1.02,1.180654654,10.69,10.69,8.45,100,9.58,1.11
25/02/2013,76.83,76.9,75.03,75.03,66.21,66.67,64.75,64.75,1.87,1.229893608,10.28,10.69,8.45,82,9.76,0.52
26/02/2013,75.43,75.91,75.14,75.65,65.06,65.2,64.45,65.06,0.88,1.204901207,10.59,10.69,8.74,95,10.19,0.4
27/02/2013,75.53,77.93,75.53,77.36,64.93,66.31,64.82,65.97,2.4,1.290265406,11.39,11.39,10.28,100,10.72,0.67
28/02/2013,77.24,77.73,76.4,76.9,65.76,66.17,65.44,65.68,1.33,1.293103592,11.22,11.39,10.28,85,10.83,0.39
01/03/2013,76.7,77.59,76.58,77.28,65.39,65.88,64.67,65.52,1.01,1.272881907,11.76,11.76,10.28,100,11.05,0.71
04/03/2013,76.95,77.4,76.17,77.09,65.29,65.41,64.2,64.38,1.23,1.269818913,12.71,12.71,10.59,100,11.53,1.18
05/03/2013,77.45,78.85,77.11,78.66,64.71,65.23,64.5,64.91,1.76,1.304831848,13.75,13.75,11.22,100,12.17,1.58
06/03/2013,78.67,79.28,78.49,79.08,64.96,65.32,64.64,64.96,0.79,1.268058145,14.12,14.12,11.22,100,12.71,1.41
07/03/2013,79.37,81.95,79.37,81.05,65.13,65.7,65.02,65.27,2.87,1.382482563,15.78,15.78,11.76,100,13.62,2.16
08/03/2013,81.16,81.7,80.72,81.23,65.5,66.02,65.5,65.96,0.98,1.353733808,15.27,15.78,12.71,83,14.33,0.94
11/03/2013,81.01,83.03,80.96,82.94,65.95,66.26,65.9,66.12,2.07,1.404895679,16.82,16.82,13.75,100,15.15,1.67
12/03/2013,83.1,84.62,83,84.16,66.16,66.41,65.95,66.23,1.68,1.424545988,17.93,17.93,14.12,100,15.98,1.95
13/03/2013,84.38,84.85,83.52,84.75,66.29,67.42,66.18,67.18,1.33,1.417792703,17.57,17.93,15.27,86,16.67,0.9
14/03/2013,84.62,85.1,84.13,84.62,67.35,67.74,67.09,67.54,0.97,1.38580751,17.08,17.93,15.27,68,16.93,0.15
15/03/2013,84.75,86.49,84.5,86.43,67.32,68.83,67.23,68.8,1.99,1.428964116,17.63,17.93,16.82,73,17.41,0.22
18/03/2013,85.07,85.77,85.04,85.18,68.22,68.97,68.15,68.43,1.39,1.426180965,16.75,17.93,16.75,0,17.39,-0.64
19/03/2013,85.53,86,85.24,85.51,68.65,68.72,67.95,68.44,0.82,1.382882325,17.07,17.63,16.75,36,17.22,-0.15
20/03/2013,85.85,86.14,85.18,85.37,68.75,68.99,68.51,68.64,0.96,1.352676444,16.73,17.63,16.73,0,17.05,-0.32
21/03/2013,85.2,85.83,84.18,84.33,68.27,68.75,67.73,68,1.65,1.373913841,16.33,17.63,16.33,0,16.9,-0.57
22/03/2013,84.52,85.1,84.52,84.82,68.14,68.44,67.85,68.05,0.77,1.330777138,16.77,17.07,16.33,59,16.73,0.04
25/03/2013,85.03,85.48,84.34,84.85,68.28,68.53,67.77,67.91,1.14,1.3171502,16.94,17.07,16.33,82,16.77,0.17
26/03/2013,85.43,86.84,85.41,86.62,68.28,69.36,68.28,69.29,1.99,1.3652109,17.33,17.33,16.33,100,16.82,0.51
27/03/2013,85.75,86.42,85.05,86.2,68.94,70,68.54,69.9,1.57,1.379838693,16.3,17.33,16.3,0,16.73,-0.43
28/03/2013,86.41,86.5,85.42,85.85,69.87,70.21,69.46,70.15,1.08,1.358421643,15.7,17.33,15.7,0,16.61,-0.91
01/04/2013,85.6,86.19,85.03,85.25,70.1,70.54,69.59,69.9,1.16,1.344248669,15.35,17.33,15.35,0,16.32,-0.97
02/04/2013,85.39,85.5,83.8,84.09,70.19,70.21,69.13,69.4,1.7,1.369659478,14.69,17.33,14.69,0,15.87,-1.18
03/04/2013,84.3,85.35,84.07,84.36,69.51,70.54,69.41,70.18,1.28,1.36325523,14.18,16.3,14.18,0,15.24,-1.06
04/04/2013,84.79,85.02,84.21,84.95,70.29,71.17,70.13,71.07,0.81,1.323736999,13.88,15.7,13.88,0,14.76,-0.88
05/04/2013,84.07,86.3,83.91,86.17,70.43,71.77,70.33,71.56,2.39,1.399898642,14.61,15.35,13.88,50,14.54,0.07
08/04/2013,86.04,86.81,85.38,86.75,71.75,71.88,71.18,71.72,1.43,1.402048739,15.03,15.03,13.88,100,14.48,0.55
09/04/2013,87.12,87.49,86.19,87.21,71.86,71.89,71.27,71.56,1.3,1.394759543,15.65,15.65,13.88,100,14.67,0.98
10/04/2013,87.34,88.56,87.06,87.82,71.75,72.27,71.65,71.77,1.5,1.402276719,16.05,16.05,13.88,100,15.04,1.01
11/04/2013,87.96,89.46,87.84,88.53,72.04,72.67,71.9,72.45,1.64,1.419256953,16.08,16.08,14.61,100,15.48,0.6
12/04/2013,88.29,88.93,88,88.89,72.03,72.18,71.49,72.11,0.93,1.384310028,16.78,16.78,15.03,100,15.92,0.86
15/04/2013,88.44,88.77,86.77,86.77,71.85,71.86,70.54,70.83,2.12,1.436859312,15.94,16.78,15.65,26,16.1,-0.16
16/04/2013,87.45,88.35,86.43,86.89,71.32,71.61,70.74,71.29,1.92,1.471369361,15.6,16.78,15.6,0,16.09,-0.49
17/04/2013,86.47,87,85.78,86.69,70.93,71.13,69.54,70.12,1.22,1.453414406,16.57,16.78,15.6,82,16.19,0.38
18/04/2013,87.06,87.16,85.75,86.12,70.12,70.2,69.23,69.87,1.41,1.450313377,16.25,16.78,15.6,55,16.23,0.02
19/04/2013,87.57,88.08,86.57,87.96,69.94,71.04,69.92,70.98,1.96,1.486719565,16.98,16.98,15.6,100,16.27,0.71
22/04/2013,88.08,88.08,86.44,86.94,70.98,71.13,70.3,70.78,1.64,1.497668167,16.16,16.98,15.6,41,16.31,-0.15
23/04/2013,87.35,88.51,87.2,88.18,71.17,71.8,70.66,71.49,1.57,1.502834727,16.69,16.98,16.16,65,16.53,0.16
24/04/2013,91.95,92.65,90.42,90.83,71.83,73.86,71.08,73.77,4.47,1.714775103,17.06,17.06,16.16,100,16.63,0.43
25/04/2013,91.35,92.62,90.07,91.67,73.82,74.97,72.86,74.49,2.55,1.774434025,17.18,17.18,16.16,100,16.81,0.37
26/04/2013,91.89,93.38,91.67,92.85,74.56,74.78,74.19,74.24,1.71,1.769831594,18.61,18.61,16.16,100,17.14,1.47
29/04/2013,91.4,92.41,91.19,91.9,74.48,74.98,74.04,74.96,1.66,1.76198648,16.94,18.61,16.69,13,17.3,-0.36
30/04/2013,91.35,91.99,90.82,91.41,74.85,75.78,74.85,75.74,1.17,1.719701732,15.67,18.61,15.67,0,17.09,-1.42
01/05/2013,91.08,91.75,90.72,91.18,75.45,76.48,75.32,75.65,1.03,1.670437322,15.53,18.61,15.53,0,16.79,-1.26
02/05/2013,91.24,92.82,91.2,92.21,75.65,76.55,75.46,76.31,1.64,1.668263228,15.9,18.61,15.53,12,16.53,-0.63
03/05/2013,92.85,93.95,92.67,93.74,76.69,77,76.37,76.84,1.74,1.673387283,16.9,16.94,15.53,97,16.19,0.71
06/05/2013,93.44,94.79,93.36,94.19,77.02,77.79,76.93,77.06,1.43,1.656002477,17.13,17.13,15.53,100,16.23,0.9
07/05/2013,94.31,95.04,94.06,94.79,77.03,77.31,76.91,77.21,0.98,1.607716586,17.58,17.58,15.53,100,16.61,0.97
08/05/2013,94.31,94.44,93.77,94.04,77.25,77.82,77.08,77.8,1.02,1.56573683,16.24,17.58,15.9,20,16.75,-0.51
09/05/2013,94.07,95.15,94.04,94.61,77.75,78.16,77.5,77.66,1.11,1.533184199,16.95,17.58,16.24,53,16.96,-0.01
10/05/2013,94.75,94.99,93.82,94.24,77.69,78.07,77.27,77.93,1.17,1.507242471,16.31,17.58,16.24,5,16.84,-0.53
13/05/2013,94.12,95.16,94.1,94.76,77.72,78.1,77.35,77.56,1.06,1.47529658,17.2,17.58,16.24,72,16.86,0.34
14/05/2013,94.92,96.19,94.7,96.11,77.78,79.02,77.73,78.96,1.49,1.476346824,17.15,17.2,16.24,95,16.77,0.38
15/05/2013,95.69,97.47,95.6,97.02,78.53,79.48,78.07,79.43,1.87,1.504464908,17.59,17.59,16.31,100,17.04,0.55
16/05/2013,96.89,97.2,96.3,96.58,79.4,79.6,78.81,79.02,0.9,1.461288843,17.56,17.59,16.31,98,17.16,0.4
17/05/2013,97.02,99.04,97,98.92,80.24,83.28,80.24,82.19,2.46,1.532625354,16.73,17.59,16.73,0,17.25,-0.52
20/05/2013,99.12,99.33,98.52,98.72,82.22,82.61,81.49,81.61,0.81,1.481009258,17.11,17.59,16.73,44,17.23,-0.12
21/05/2013,98.59,99.05,97.9,98.75,81.58,82.45,81.17,81.46,1.15,1.457365739,17.29,17.59,16.73,65,17.26,0.03
22/05/2013,98.86,99.48,97.86,97.93,81.5,81.78,80.77,80.86,1.62,1.468982472,17.07,17.56,16.73,41,17.15,-0.08
23/05/2013,97.18,99.99,97.06,99.75,79.78,81,79.59,80.64,2.93,1.573340867,19.11,19.11,16.73,100,17.46,1.65
24/05/2013,99.75,100.58,98.85,100,80.3,81.53,80.12,81.26,1.73,1.584530805,18.74,19.11,17.07,82,17.86,0.88
28/05/2013,100.85,101.47,100.11,100.11,81.65,82.49,81.65,82.1,1.47,1.576350033,18.01,19.11,17.07,46,18.04,-0.03
29/05/2013,99.56,100.03,98.9,99.09,81.54,82.38,81.03,81.87,1.21,1.550182174,17.22,19.11,17.07,7,18.03,-0.81
30/05/2013,99.29,100.99,99.06,100.54,82.69,83.99,82.69,83.49,1.93,1.577312019,17.05,19.11,17.05,0,18.03,-0.98
31/05/2013,100.21,100.95,99.02,99.02,83.18,84.06,82.39,82.39,1.93,1.602504017,16.63,18.74,16.63,0,17.53,-0.9
03/06/2013,99.36,100.9,99.3,100.74,82.48,83.13,81.79,83.04,1.88,1.622325159,17.7,18.01,16.63,78,17.32,0.38
04/06/2013,100.48,100.92,99.08,99.61,82.86,83.27,82.15,82.42,1.84,1.637873362,17.19,17.7,16.63,52,17.16,0.03
05/06/2013,99.34,99.71,98.05,98.49,82.13,83.06,81.36,81.45,1.66,1.639453836,17.04,17.7,16.63,38,17.12,-0.08
06/06/2013,98.65,99.81,98.42,99.76,81.48,82.41,80.92,82.25,1.39,1.621635705,17.51,17.7,16.63,82,17.21,0.3
07/06/2013,100.25,102.59,100.06,102.49,82.55,84,82.55,83.88,2.83,1.70794744,18.61,18.61,17.04,100,17.61,1
10/06/2013,102.51,102.95,101.51,102.24,84.17,84.3,83.48,83.75,1.44,1.688808337,18.49,18.61,17.04,92,17.77,0.72
11/06/2013,101.61,102.78,100.9,101.75,83.08,83.73,82.85,82.97,1.88,1.702464885,18.78,18.78,17.04,100,18.09,0.69
12/06/2013,102.19,102.42,100.61,100.88,83.51,83.57,82.5,82.61,1.81,1.710145964,18.27,18.78,17.51,60,18.33,-0.06
13/06/2013,100.96,102.34,100.85,102.16,82.67,84.14,82.5,82.86,1.49,1.694421253,19.3,19.3,18.27,100,18.69,0.61
14/06/2013,102.16,103.22,101.5,101.83,82.73,83.68,82.6,82.88,1.72,1.696248306,18.95,19.3,18.27,66,18.76,0.19
17/06/2013,102.69,103.52,102.52,103.03,83.28,84.3,83.26,83.67,1.69,1.695801998,19.36,19.36,18.27,100,18.93,0.43
18/06/2013,103.22,104.15,102.65,104.08,83.79,84.34,83.27,83.93,1.5,1.681816141,20.15,20.15,18.27,100,19.21,0.94
19/06/2013,103.83,104.15,102.24,102.25,83.86,84.32,82.97,82.98,1.91,1.698114988,19.27,20.15,18.95,27,19.41,-0.14
20/06/2013,101.46,101.86,99.38,99.64,82.3,83.16,81.95,81.97,2.87,1.781821061,17.67,20.15,17.67,0,19.08,-1.41
21/06/2013,100.08,100.14,97.42,99.98,82.56,82.77,81.84,81.85,2.72,1.848833842,18.13,20.15,17.67,19,18.92,-0.79
24/06/2013,99.06,99.46,96.31,97.85,81.42,81.8,80.68,81.07,3.67,1.978917139,16.78,20.15,16.78,0,18.4,-1.62
25/06/2013,99.2,99.66,98.18,98.67,81.67,81.73,80.64,80.71,1.81,1.966851629,17.96,19.27,16.78,47,17.96,7.10543E-15
26/06/2013,99.65,101.39,99.57,100.75,81.5,82.12,81.34,81.84,2.72,2.020647941,18.91,18.91,16.78,100,17.89,1.02
27/06/2013,102.41,103.52,102.01,103.15,82.45,83.45,82.37,83.21,2.77,2.074173088,19.94,19.94,16.78,100,18.34,1.6
28/06/2013,102.86,103.49,102.32,102.44,83,83.57,82.56,82.8,1.17,2.009589296,19.64,19.94,16.78,91,18.65,0.99
01/07/2013,102.93,104.02,102.93,103.24,82.78,84,82.51,83.35,1.58,1.978904347,19.89,19.94,17.96,97,19.27,0.62
02/07/2013,103.22,103.25,100.82,101.47,83.08,83.24,81.8,82.17,2.43,2.011125465,19.3,19.94,18.91,38,19.54,-0.24
03/07/2013,101.01,103.04,100.78,102.89,81.99,83.2,81.74,82.93,2.26,2.028902217,19.96,19.96,19.3,100,19.75,0.21
05/07/2013,103.7,104.2,102.75,104.2,83.18,83.97,83.03,83.95,1.45,1.987552059,20.25,20.25,19.3,100,19.81,0.44
08/07/2013,104,105.1,103.44,104.37,84.44,85.2,84.07,85.09,1.66,1.964155483,19.28,20.25,19.28,0,19.74,-0.46
09/07/2013,105.27,105.75,104.46,104.68,85.51,86,85,85.53,1.38,1.922430092,19.15,20.25,19.15,0,19.59,-0.44
10/07/2013,104.5,105.6,104.41,105.5,85.53,87.19,85.5,86.9,1.19,1.870113656,18.6,20.25,18.6,0,19.45,-0.85
11/07/2013,106.43,107.46,106.29,106.88,87.71,87.89,87.37,87.75,1.96,1.87653411,19.13,20.25,18.6,32,19.28,-0.15
12/07/2013,106.86,108.15,98.99,101.87,87.83,88.12,87.13,88.02,9.16,2.396781673,13.85,19.28,13.85,0,18,-4.15
15/07/2013,103.83,105.87,103.1,105.66,88.25,88.63,88.01,88.26,4,2.511297268,17.4,19.15,13.85,67,17.63,-0.23
16/07/2013,105.69,105.8,103.78,104.23,88.47,88.56,87.17,87.21,2.02,2.476204606,17.02,19.13,13.85,60,17.2,-0.18
17/07/2013,104.45,105.43,104.42,104.79,87.4,87.88,87.26,87.6,1.2,2.385047134,17.19,19.13,13.85,63,16.92,0.27
18/07/2013,104.96,107.98,104.8,107.63,86.75,88.35,86.75,88.12,3.19,2.442543767,19.51,19.51,13.85,100,16.99,2.52
19/07/2013,107.13,107.13,105.61,106.96,87.8,88.41,87.8,88.36,2.02,2.41236207,18.6,19.51,17.02,63,17.94,0.66
22/07/2013,107.27,107.32,106.45,106.86,88.67,88.81,88.29,88.44,0.87,2.30219335,18.42,19.51,17.02,56,18.15,0.27
23/07/2013,107.18,107.98,106.34,107.79,89.01,89.3,88.23,88.76,1.64,2.254893825,19.03,19.51,17.19,79,18.55,0.48
24/07/2013,109.24,109.49,106.26,106.95,90.86,92.99,89.37,90.3,3.23,2.324544266,16.65,19.51,16.65,0,18.44,-1.79
25/07/2013,106.36,107.12,105.85,106.7,90.31,90.57,89.73,90.41,1.27,2.249219676,16.29,19.03,16.29,0,17.8,-1.51
26/07/2013,106.22,106.22,105.31,105.6,90.04,90.56,89.73,90.56,1.39,2.187846842,15.04,19.03,15.04,0,17.09,-2.05
29/07/2013,103.52,105.12,103.5,104.81,90.22,91.54,90.21,91.39,2.1,2.181572068,13.42,19.03,13.42,0,16.09,-2.67
30/07/2013,104.94,106.01,104.8,105.73,91.77,92.52,90.42,90.94,1.21,2.112174063,14.79,16.65,13.42,42,15.24,-0.45
31/07/2013,105.92,106.28,104.99,105.1,90.9,92.82,90.8,92.06,1.29,2.053447344,13.04,16.29,13.04,0,14.52,-1.48
01/08/2013,105.99,107,105.78,106.7,92.45,93.49,92.45,93.09,1.9,2.042486819,13.61,15.04,13.04,29,13.98,-0.37
02/08/2013,106,107.95,106,107.9,94.46,96.26,93.29,94.89,1.95,2.035880618,13.01,14.79,13.01,0,13.57,-0.56
05/08/2013,107.14,107.8,107.14,107.5,94.89,95.62,94.5,95.42,0.76,1.944746288,12.08,14.79,12.08,0,13.31,-1.23
06/08/2013,107.35,107.71,106.62,107.04,95.3,95.85,94.79,94.88,1.09,1.883692982,12.16,13.61,12.08,5,12.78,-0.62
07/08/2013,106.21,106.68,105.53,106.42,94.36,95.88,94.36,95.83,1.51,1.857000626,10.59,13.61,10.59,0,12.29,-1.7
08/08/2013,106.68,107.24,105.83,105.84,96.09,96.42,95.55,95.61,1.41,1.82507201,10.23,13.01,10.23,0,11.61,-1.38
09/08/2013,105.37,106.15,104.88,105.33,95.6,95.9,95.04,95.49,1.27,1.785424009,9.84,12.16,9.84,0,10.98,-1.14
12/08/2013,104.86,105.07,104.05,104.24,95.41,95.67,94.89,94.93,1.28,1.749322294,9.31,12.16,9.31,0,10.43,-1.12
13/08/2013,104.31,106.55,104.27,106.23,95.29,95.58,94.43,95.26,2.31,1.789370702,10.97,10.97,9.31,100,10.19,0.78
14/08/2013,106.16,106.16,104.07,104.16,95.21,95.42,94.69,94.87,2.16,1.815844223,9.29,10.97,9.29,0,9.93,-0.64
15/08/2013,103.19,103.29,101.77,102.73,93.98,94.84,93.45,93.79,2.39,1.85685535,8.94,10.97,8.94,0,9.67,-0.73
16/08/2013,102.82,103.94,102.7,103.47,93.57,94.64,93.45,94.02,1.24,1.812794254,9.45,10.97,8.94,25,9.59,-0.14
19/08/2013,103,105.2,102.88,104.72,93.88,94.98,93.72,93.74,2.32,1.849023235,10.98,10.98,8.94,100,9.93,1.05
20/08/2013,104.69,105.08,104.55,104.63,93.79,94.47,93.69,93.74,0.53,1.75480729,10.89,10.98,8.94,96,9.91,0.98
21/08/2013,104.47,104.76,103.6,103.91,93.57,94.67,93.52,94,1.16,1.712321055,9.91,10.98,8.94,48,10.03,-0.12
22/08/2013,103.88,105.5,103.88,105.14,94.3,94.86,93.9,94.03,1.62,1.705726694,11.11,11.11,9.45,100,10.47,0.64
23/08/2013,105.5,105.5,104.8,105.48,94.02,94.69,93.85,94.57,0.7,1.633889073,10.91,11.11,9.91,83,10.76,0.15
26/08/2013,105.75,106.52,105.21,105.53,94.81,95.15,94.26,94.55,1.31,1.610754139,10.98,11.11,9.91,89,10.76,0.22
27/08/2013,104.4,105.14,103.06,103.21,94.4,95.02,92.83,92.93,2.47,1.672128844,10.28,11.11,9.91,31,10.64,-0.36
28/08/2013,103.1,103.82,102.57,103.27,93.07,93.54,92.6,92.95,1.25,1.641976783,10.32,11.11,10.28,5,10.72,-0.4
29/08/2013,103.28,105.44,103,104.93,92.47,93.49,91.99,93.06,2.44,1.698978442,11.87,11.87,10.28,100,10.87,1
30/08/2013,104.92,104.96,103.6,103.92,93.17,93.35,91.97,92.27,1.36,1.674765696,11.65,11.87,10.28,86,11.02,0.63
03/09/2013,105.13,105.83,104.66,105.01,93.43,93.95,92.89,93.14,1.91,1.691568146,11.87,11.87,10.28,100,11.2,0.67
04/09/2013,105.05,107.12,104.62,106.37,92.95,94.29,92.95,93.56,2.5,1.749313279,12.81,12.81,10.32,100,11.7,1.11
05/09/2013,106.16,106.98,105.67,106.65,93.61,93.73,93.26,93.56,1.31,1.717933759,13.09,13.09,11.65,100,12.26,0.83
06/09/2013,107,107.38,105.11,106.07,93.71,93.83,92.32,93.12,2.27,1.757367062,12.95,13.09,11.65,90,12.47,0.48
09/09/2013,106.58,107.38,106.56,107.19,93.35,93.83,93.35,93.51,1.31,1.725412271,13.68,13.68,11.87,100,12.88,0.8
10/09/2013,107.64,108.45,107.4,108.17,93.47,94.72,93.24,94.45,1.26,1.692168538,13.72,13.72,12.81,100,13.25,0.47
11/09/2013,108.25,109.23,107.8,109.23,94.56,95.11,94.5,95.11,1.43,1.673442214,14.12,14.12,12.95,100,13.51,0.61
12/09/2013,109.19,110.22,109.14,109.8,95.04,96.08,95.04,95.74,1.08,1.631053484,14.06,14.12,12.95,95,13.71,0.35
13/09/2013,109.93,111.33,109.56,111.33,96.05,96.27,95.25,96.19,1.77,1.640978235,15.14,15.14,13.68,100,14.14,1
16/09/2013,113.73,115.89,113.26,115.67,97.04,98,96.62,97.79,4.56,1.84947979,17.88,17.88,13.72,100,14.98,2.9
17/09/2013,115.78,117.48,115.59,117.11,97.72,98.83,97.6,98.75,1.89,1.852374091,18.36,18.36,14.06,100,15.91,2.45
18/09/2013,117.28,119.52,116.55,118.4,98.72,99.05,97.44,98.59,2.97,1.932204513,19.81,19.81,14.06,100,17.05,2.76
19/09/2013,119.22,120.38,118.81,119.04,98.61,99.1,98.02,98.05,1.98,1.935618476,20.99,20.99,15.14,100,18.44,2.55
20/09/2013,119.15,119.22,116.63,116.63,98.29,98.3,96.09,96.3,2.59,1.982360014,20.33,20.99,17.88,79,19.47,0.86
23/09/2013,117.15,118.37,115.8,117.51,96.3,96.73,95.4,95.86,2.57,2.024334298,21.65,21.65,18.36,100,20.23,1.42
24/09/2013,117.19,119.89,116.8,119,96.04,96.46,95.76,95.95,3.09,2.100453277,23.05,23.05,19.81,100,21.17,1.88
25/09/2013,119.32,119.61,118.16,118.51,96.04,96.12,95.47,95.73,1.45,2.053992329,22.78,23.05,20.33,90,21.76,1.02
26/09/2013,118.71,119.5,118.51,119.38,95.69,96.45,95.56,96.37,0.99,1.977992877,23.01,23.05,20.33,99,22.16,0.85
27/09/2013,118.51,119.17,117.79,118.74,96.11,96.49,95.64,96.25,1.59,1.9502791,22.49,23.05,21.65,60,22.6,-0.11
30/09/2013,117.35,117.89,116.37,117.5,95.45,95.76,95.15,95.26,2.37,1.980259164,22.24,23.05,22.24,0,22.71,-0.47
01/10/2013,117.97,118.3,117.08,117.75,95.19,96.19,95,96.14,1.22,1.925954938,21.61,23.01,21.61,0,22.43,-0.82
02/10/2013,117.38,117.84,116.28,117.84,95.84,95.9,94.38,95.18,1.56,1.8998153,22.66,23.01,21.61,75,22.4,0.26
03/10/2013,117.35,117.49,114.73,115.24,95.09,95.09,92.61,93.08,3.11,1.986257064,22.16,22.66,21.61,52,22.23,-0.07
04/10/2013,115.27,117.26,115.25,117.2,93.09,93.53,92.51,93.32,2.02,1.988667274,23.88,23.88,21.61,100,22.51,1.37
07/10/2013,115.51,117.17,115.4,116.69,92.92,95.56,92.82,94.98,1.8,1.97519104,21.71,23.88,21.61,4,22.4,-0.69
08/10/2013,116.67,117.32,115.42,115.44,94.8,95,93.69,94.09,1.9,1.969820251,21.35,23.88,21.35,0,22.35,-1
09/10/2013,115.4,115.4,113.34,114.47,94.1,94.64,93.33,94.1,2.1,1.979118805,20.37,23.88,20.37,0,21.89,-1.52
10/10/2013,116.1,119,115.91,118.9,94.85,97.11,94.82,97.1,4.53,2.161324604,21.8,23.88,20.37,41,21.82,-0.02
11/10/2013,118.6,119.4,117.83,117.98,97.15,98.41,97.06,98.36,1.57,2.119087133,19.62,21.8,19.62,0,20.97,-1.35
14/10/2013,117.42,119.55,116.69,119.46,97.7,99.03,97.16,98.81,2.86,2.17200948,20.65,21.8,19.62,47,20.76,-0.11
15/10/2013,119.42,119.59,118.14,118.18,98.83,98.91,97.15,97.35,1.45,2.120437375,20.83,21.8,19.62,56,20.65,0.18
16/10/2013,118.78,120.66,118.75,120.34,98.02,98.72,97.83,98.68,2.48,2.146120419,21.66,21.8,19.62,94,20.91,0.75
17/10/2013,119.81,122.39,119.81,122.29,98.51,100.73,98.13,100.73,2.58,2.177111818,21.56,21.66,19.62,95,20.86,0.7
18/10/2013,122.5,122.86,121.25,122.52,100.88,101.6,100.45,101.59,1.61,2.136603831,20.93,21.66,20.65,28,21.13,-0.2
21/10/2013,122.69,122.74,121.06,121.47,101.74,101.8,99.89,100.2,1.68,2.103989272,21.27,21.66,20.83,53,21.25,0.02
22/10/2013,122,123.8,121.88,122.48,100.66,101.9,100.63,101.46,2.33,2.120132895,21.02,21.66,20.93,12,21.29,-0.27
23/10/2013,126,129.99,125.9,129.02,102.5,105.71,102.25,105.56,7.51,2.505123402,23.46,23.46,20.93,100,21.65,1.81
24/10/2013,129.01,129.57,127.94,128.98,105.96,108.01,105.69,107.48,1.63,2.442614588,21.5,23.46,20.93,23,21.64,-0.14
25/10/2013,129.25,131.43,128.22,131.19,107.28,108.78,106.88,108.37,3.21,2.497427832,22.82,23.46,21.02,74,22.01,0.81
28/10/2013,128.75,130.47,128.64,129.88,108.09,108.33,107.63,107.86,2.55,2.501182987,22.02,23.46,21.02,41,22.16,-0.14
29/10/2013,129.35,129.88,128.76,129.66,107.89,108.4,106.93,108.31,1.12,2.402527059,21.35,23.46,21.35,0,22.23,-0.88
30/10/2013,129.56,131.43,129.02,129.68,108.55,108.86,107.2,107.6,2.41,2.40306084,22.08,22.82,21.35,50,21.95,0.13
31/10/2013,129.84,131.88,129.55,130.5,107.74,108.69,107.28,107.51,2.33,2.397842209,22.99,22.99,21.35,100,22.25,0.74
01/11/2013,130.9,133.5,130.9,133.03,107.57,109.41,107.53,108.12,3,2.44085348,24.91,24.91,21.35,100,22.67,2.24
04/11/2013,133.75,133.99,132.46,132.79,108.45,109.25,108.36,108.65,1.53,2.375792517,24.14,24.91,21.35,78,23.09,1.05
05/11/2013,132.03,133.74,130.59,133.57,108.49,109.65,108.21,109.12,3.15,2.431093051,24.45,24.91,22.08,84,23.71,0.74
06/11/2013,134.02,134.58,132.68,133.09,109.33,109.89,108.61,109.62,1.9,2.393157834,23.47,24.91,22.99,25,23.99,-0.52
07/11/2013,133.44,133.93,131.35,131.51,109.68,110.47,108.58,108.67,2.58,2.406503703,22.84,24.91,22.84,0,23.96,-1.12
08/11/2013,131.28,133.9,130.95,133.49,108.73,110.76,108.61,110.73,2.95,2.445324867,22.76,24.45,22.76,0,23.53,-0.77
11/11/2013,133.14,133.33,132.12,132.53,110.23,110.29,109.61,110.17,1.37,2.368515948,22.36,24.45,22.36,0,23.18,-0.82
12/11/2013,132.4,133.08,131.97,132.33,110,110.01,109,109.35,1.11,2.278621951,22.98,23.47,22.36,56,22.88,0.1
13/11/2013,131.92,133.49,131.1,133.17,109.01,109.32,106.67,109.31,2.39,2.286577526,23.86,23.86,22.36,100,22.96,0.9
14/11/2013,133.7,135.38,133.17,135.09,109.98,110.17,109.14,110.1,2.21,2.281107703,24.99,24.99,22.36,100,23.39,1.6
15/11/2013,135.36,136.57,134.54,136.08,109.63,109.71,108.34,109.53,2.03,2.263171438,26.55,26.55,22.36,100,24.15,2.4
18/11/2013,140.25,142,137.77,138.36,110.48,111.34,110.08,110.58,5.92,2.524373479,27.78,27.78,22.98,100,25.23,2.55
19/11/2013,138.5,138.79,136.7,136.98,110.76,111.14,109.86,110.25,2.09,2.493346802,26.73,27.78,23.86,73,25.98,0.75
20/11/2013,135.8,135.89,132.29,132.45,110.16,110.66,109.48,109.78,4.69,2.650250601,22.67,27.78,22.67,0,25.74,-3.07
21/11/2013,132.45,133.29,131.2,132.93,110.35,111.05,110.21,110.77,2.09,2.610232701,22.16,27.78,22.16,0,25.18,-3.02
22/11/2013,133.49,136.12,133.43,135.97,110.39,112.25,110.34,112.01,3.19,2.651644651,23.96,27.78,22.16,32,24.66,-0.7
25/11/2013,134.01,134.86,130.58,133,112.12,112.53,110.97,111.65,5.39,2.847241462,21.35,26.73,21.35,0,23.37,-2.02
26/11/2013,133,135.44,132.56,134.78,111.65,112.4,111.65,111.97,2.88,2.849581357,22.81,23.96,21.35,56,22.59,0.22
27/11/2013,135.05,136.3,134.17,134.72,111.86,114.33,111.66,113.95,2.13,2.798182689,20.77,23.96,20.77,0,22.21,-1.44
29/11/2013,134.82,135.23,134.18,134.25,113.98,114.48,112.5,112.68,1.05,2.673312497,21.57,23.96,20.77,25,22.09,-0.52
02/12/2013,134.99,135.46,133.62,134.16,112.6,113.15,111.61,111.82,1.84,2.613790176,22.34,22.81,20.77,77,21.77,0.57
03/12/2013,133.93,133.93,131.92,132,111.97,113.24,111.51,112.52,2.24,2.587090877,19.48,22.81,19.48,0,21.39,-1.91
04/12/2013,131.73,132.15,130.55,131.5,111.99,112.76,109.66,110.49,1.6,2.516584386,21.01,22.34,19.48,53,21.03,-0.02
05/12/2013,131.26,133.1,131.25,132.73,110.08,111.17,109.43,109.54,1.85,2.468971216,23.19,23.19,19.48,100,21.52,1.67
06/12/2013,134.58,135.75,134,135.18,110.07,110.35,109.24,110.26,3.02,2.508330415,24.92,24.92,19.48,100,22.19,2.73
09/12/2013,135.49,135.95,134.57,134.68,110.18,110.35,109.16,109.94,1.38,2.427735385,24.74,24.92,19.48,97,22.67,2.07
10/12/2013,133.65,135.04,132.18,133.7,109.85,110.54,109.56,110.13,2.86,2.458611429,23.57,24.92,21.01,65,23.49,0.08
11/12/2013,133.7,133.81,132.44,132.56,110.29,110.5,107.22,107.52,1.37,2.38085347,25.04,25.04,23.19,100,24.29,0.75
12/12/2013,132.11,133.65,131.9,132.96,107.65,108.32,107.21,108.03,1.75,2.335792508,24.93,25.04,23.57,93,24.64,0.29
13/12/2013,133.45,134.25,133.14,133.83,108.16,109.24,107.79,108.92,1.29,2.261093043,24.91,25.04,23.57,91,24.64,0.27
16/12/2013,134.27,135.2,133.94,134.72,108.96,110,108.42,109.66,1.37,2.19744354,25.06,25.06,23.57,100,24.7,0.36
17/12/2013,137.92,138.1,135.36,135.88,109.82,110.14,109.34,109.57,3.38,2.281911858,26.31,26.31,24.91,100,25.25,1.06
18/12/2013,135.86,136.44,132.84,135.49,109.93,111.52,108.47,111.48,3.6,2.376061011,24.01,26.31,24.01,0,25.04,-1.03
19/12/2013,135,136.23,133.94,135.17,111.45,111.85,110.17,110.55,2.29,2.369913796,24.62,26.31,24.01,27,24.98,-0.36
20/12/2013,135.49,137.85,135.49,136.67,110.66,113.05,110.31,112.26,2.68,2.392062811,24.41,26.31,24.01,17,24.88,-0.47
23/12/2013,137.69,138.09,136.32,136.4,113,113.26,112.04,112.53,1.77,2.347629753,23.87,26.31,23.87,0,24.64,-0.77
24/12/2013,136.4,136.98,136.14,136.83,112.56,114.3,112.56,114.22,0.84,2.239941913,22.61,24.62,22.61,0,23.9,-1.29
26/12/2013,137.18,138.59,137.17,138.27,114.45,115.88,114.37,115.32,1.76,2.205660348,22.95,24.62,22.61,17,23.69,-0.74
27/12/2013,138.69,138.88,136.79,136.9,115.52,116.19,114.12,114.7,2.09,2.197398895,22.2,24.41,22.2,0,23.21,-1.01
30/12/2013,137.16,137.37,135.54,135.92,114.72,115.07,113.52,113.93,1.83,2.171156116,21.99,23.87,21.99,0,22.72,-0.73
31/12/2013,136.16,137.05,135.74,136.49,114.25,114.78,113.85,114.61,1.31,2.109644965,21.88,22.95,21.88,0,22.33,-0.45
02/01/2014,136.01,137.25,135.51,136.67,114.18,114.49,112.76,113.23,1.74,2.083241754,23.44,23.44,21.88,100,22.49,0.95
03/01/2014,137.06,138.5,137.05,137.62,113.23,114.46,113.23,113.58,1.83,2.065153057,24.04,24.04,21.88,100,22.71,1.33
06/01/2014,139.4,139.76,137.8,138.41,114.01,115.09,113.43,113.8,2.14,2.070499267,24.61,24.61,21.88,100,23.19,1.42
07/01/2014,138.58,141.1,138.5,140.51,113.81,114.92,113.15,114.51,2.69,2.114749319,26,26,21.88,100,23.99,2.01
08/01/2014,140.69,141.4,139.36,140.82,114.23,115.33,113.65,115.19,2.04,2.109410082,25.63,26,23.44,86,24.74,0.89
09/01/2014,141.51,142.52,140.54,142.13,115.5,116.27,115.25,115.63,1.98,2.100166505,26.5,26.5,24.04,100,25.36,1.14
10/01/2014,142.79,142.8,140.9,141.9,115.99,116.57,115.02,116.37,1.9,2.085868898,25.53,26.5,24.61,49,25.65,-0.12
13/01/2014,141.55,142.14,140.38,140.7,116.44,117.53,115.28,115.63,1.76,2.062592548,25.07,26.5,25.07,0,25.75,-0.68
14/01/2014,140.85,141.7,137.8,140.01,116.31,117.16,115.18,117.11,3.9,2.193835937,22.9,26.5,22.9,0,25.13,-2.23
15/01/2014,140.3,141.08,140.14,140.62,117.14,118.46,117.01,117.88,1.07,2.113561942,22.74,26.5,22.74,0,24.55,-1.81
16/01/2014,140.33,141.45,140.07,140.21,117.93,118.55,117.46,118.29,1.38,2.06116466,21.92,25.53,21.92,0,23.63,-1.71
17/01/2014,140.08,141,139.75,140.46,118.27,118.66,117.82,118.24,1.25,2.003224327,22.22,25.07,21.92,10,22.97,-0.75
21/01/2014,141.46,142.46,140.81,141.67,119.06,120.44,118.51,119.19,2,2.002994018,22.48,22.9,21.92,57,22.45,0.03
22/01/2014,142.31,144.57,141.87,144.37,119.8,120.43,118.86,120.32,2.9,2.067065874,24.05,24.05,21.92,100,22.68,1.37
23/01/2014,143.1,143.89,141.1,141.31,119.4,120.68,117.45,117.5,3.27,2.15298974,23.81,24.05,21.92,89,22.9,0.91
24/01/2014,140.4,140.47,136.32,136.65,116.68,116.71,113.43,113.45,4.99,2.35563333,23.2,24.05,22.22,54,23.15,0.05
27/01/2014,136.7,138.46,135.65,137.36,113.45,113.92,111.47,112.7,2.81,2.388088092,24.66,24.66,22.48,100,23.64,1.02
28/01/2014,137.61,138.09,136.44,137.09,113.44,113.59,111.66,112.01,1.65,2.335367514,25.08,25.08,23.2,100,24.16,0.92
29/01/2014,131.7,131.76,128.07,129.78,111.08,112.78,110.5,112.13,9.02,2.812841263,17.65,25.08,17.65,0,22.88,-5.23
30/01/2014,131.7,131.7,125.2,126.53,123.65,123.65,112.04,113.25,6.5,3.076209744,13.28,25.08,13.28,0,20.77,-7.49
31/01/2014,124.46,126.87,123.08,125.26,112.27,116.55,112.02,115.55,3.79,3.127194763,9.71,25.08,9.71,0,18.08,-8.37
03/02/2014,124.24,126.52,122.75,123.08,116.09,117.21,112.17,113.25,3.77,3.173109422,9.83,25.08,9.71,1,15.11,-5.28
04/02/2014,123.07,123.8,120.53,122.04,111.01,111.99,109.17,110.8,3.27,3.180030178,11.24,17.65,9.71,19,12.34,-1.1
05/02/2014,121,121.94,118.77,121.4,110.13,112.05,109.7,111.4,3.27,3.186456594,10,13.28,9.71,8,10.81,-0.81
06/02/2014,121.79,122.72,121.51,122.67,111.72,112.79,111.46,112.28,1.32,3.053138266,10.39,11.24,9.71,44,10.23,0.16
07/02/2014,123.75,127.21,123.65,127.02,113.08,115.99,112.94,114.97,4.54,3.159342675,12.05,12.05,9.83,100,10.7,1.35
10/02/2014,128.96,128.97,126.35,127.16,114.72,114.97,113.12,114.32,2.62,3.120818199,12.84,12.84,10,100,11.3,1.54
11/02/2014,127.65,130.69,127.46,130.16,114.34,117.4,114.31,116.9,3.53,3.15004547,13.26,13.26,10,100,11.71,1.55
12/02/2014,130.29,130.55,128,128.13,117.06,118.32,116.82,118.07,2.55,3.107185079,10.06,13.26,10.06,0,11.72,-1.66
13/02/2014,127.06,129.94,127.06,129.5,117.04,119.3,117,118.86,2.88,3.090957574,10.64,13.26,10.06,18,11.77,-1.13
14/02/2014,129.09,130.41,128.02,130.16,118.68,120.79,117.98,120.28,2.39,3.040889176,9.88,13.26,9.88,0,11.34,-1.46
18/02/2014,130.13,130.94,129.6,130.63,120.54,120.86,119.62,120.06,1.34,2.919397092,10.57,13.26,9.88,20,10.88,-0.31
19/02/2014,130.11,130.5,128.37,128.39,119.99,121.37,118.91,119.05,2.26,2.872297299,9.34,10.64,9.34,0,10.1,-0.76
20/02/2014,128.48,129.99,127.51,129.56,120.96,121.19,118.97,120.61,2.48,2.844276064,8.95,10.64,8.95,0,9.88,-0.93
21/02/2014,129.8,129.8,128.11,128.28,121.45,121.45,119.14,120.47,1.69,2.761827773,7.81,10.57,7.81,0,9.31,-1.5
24/02/2014,128.38,130.8,128.36,129.59,120.76,123.3,120.76,122.12,2.52,2.744554361,7.47,10.57,7.47,0,8.83,-1.36
25/02/2014,129.3,129.75,126.21,126.78,122,122.68,119.45,119.68,3.54,2.801371907,7.1,9.34,7.1,0,8.13,-1.03
26/02/2014,127.24,127.94,126.36,126.61,120.05,120.69,118.67,118.72,1.58,2.714131056,7.89,8.95,7.1,43,7.84,0.05
27/02/2014,126.47,128.56,126.26,128.56,118.51,120.07,118.1,120.02,2.3,2.684550266,8.54,8.54,7.1,100,7.76,0.78
28/02/2014,128.75,129.95,128.06,128.92,119.68,121.83,119.51,121.03,1.89,2.627796676,7.89,8.54,7.1,55,7.78,0.11
03/03/2014,127.18,128.44,126.52,128.22,119.74,121.79,119.69,121.02,2.4,2.611525485,7.2,8.54,7.1,7,7.72,-0.52
04/03/2014,129.38,131,129.33,130.23,123,124.53,122.94,124.25,2.78,2.623559379,5.98,8.54,5.98,0,7.5,-1.52
05/03/2014,130.4,130.8,128.69,128.79,124.55,124.71,123.07,123.65,2.11,2.586876566,5.14,8.54,5.14,0,6.95,-1.81
06/03/2014,129.01,129.37,128.03,128.86,123.66,124.19,123.14,123.69,1.34,2.497813954,5.17,7.89,5.14,1,6.28,-1.11
07/03/2014,129.75,130.16,128.07,128.54,124.22,125.37,123.85,124.3,2.09,2.468684386,4.24,7.2,4.24,0,5.55,-1.31
10/03/2014,126.51,127.28,124.76,126.89,123.58,123.85,122.07,122.72,3.78,2.562349787,4.17,5.98,4.17,0,4.94,-0.77
11/03/2014,127.03,127.27,125.62,125.67,122.94,123.1,121.55,121.77,1.65,2.497181945,3.9,5.17,3.9,0,4.52,-0.62
12/03/2014,125,125.2,123.81,124.43,121.29,122.63,120.44,122.42,1.86,2.451668949,2.01,5.17,2.01,0,3.9,-1.89
13/03/2014,124.65,125.61,121.63,121.89,122.56,124.15,120.75,120.94,3.98,2.560835453,0.95,4.24,0.95,0,3.05,-2.1
14/03/2014,122.12,124.28,121.95,123.11,120.9,122.57,120.7,121.44,2.39,2.54863292,1.67,4.17,0.95,22,2.54,-0.87
17/03/2014,123.97,125.82,123.92,125.42,121.78,122.66,121.11,122.51,2.71,2.56015914,2.91,3.9,0.95,66,2.29,0.62
18/03/2014,125.59,125.82,123.66,124.04,122.97,124.06,122.9,123.99,2.16,2.531576345,0.05,2.91,0.05,0,1.52,-1.47
19/03/2014,124.32,125.2,121.37,122.24,124.34,125.36,122.12,122.88,3.83,2.624320891,-0.64,2.91,-0.64,0,0.99,-1.63
20/03/2014,122.59,123.9,121.38,123.73,122.74,123.6,122.12,122.34,2.52,2.616869399,1.39,2.91,-0.64,57,1.08,0.31
21/03/2014,124.06,124.45,122.5,122.58,123.4,123.55,121.45,121.88,1.95,2.569235871,0.7,2.91,-0.64,38,0.88,-0.18
24/03/2014,123.53,123.95,122.08,123.42,122.06,122.37,119.92,121.02,1.87,2.519290451,2.4,2.4,-0.64,100,0.78,1.62
25/03/2014,124.46,125,123.56,124.02,121.81,122.41,121.31,122.13,1.58,2.452198276,1.89,2.4,-0.64,83,1.15,0.74
26/03/2014,124.61,125.32,123.32,123.53,122.34,123.48,121.64,121.66,2,2.419898399,1.87,2.4,0.7,69,1.65,0.22
27/03/2014,123.01,124.3,121.8,123.21,121.14,121.27,119.68,119.94,2.5,2.425619942,3.27,3.27,0.7,100,2.03,1.24
28/03/2014,123.78,125.19,123.52,124.46,120.49,122.59,120.42,121.81,1.98,2.393789946,2.65,3.27,1.87,56,2.42,0.23
31/03/2014,125.36,126.04,124.8,125.49,122.61,123.79,122.6,123.38,1.58,2.335662093,2.11,3.27,1.87,17,2.36,-0.25
01/04/2014,126.24,128.4,126.17,128.21,123.16,124,122.75,123.95,2.91,2.376686229,4.26,4.26,1.87,100,2.83,1.43
02/04/2014,128.63,128.77,127.4,128.31,123.86,125.53,123.55,124.59,1.37,2.30478007,3.72,4.26,2.11,75,3.2,0.52
03/04/2014,129.17,129.17,128.28,128.78,124.91,125.13,124.2,125.02,0.89,2.203724351,3.76,4.26,2.11,77,3.3,0.46
04/04/2014,129.33,129.92,127.23,127.38,125.55,126,120.47,120.69,2.69,2.238458326,6.69,6.69,2.11,100,4.11,2.58
07/04/2014,127.19,128.18,124.95,125.59,120.57,121.62,119.24,119.29,3.23,2.309282731,6.3,6.69,3.72,87,4.95,1.35
08/04/2014,125.28,125.73,124.06,124.15,119.2,119.65,117.64,118.87,1.67,2.263619679,5.28,6.69,3.72,53,5.15,0.13
09/04/2014,124.99,127.02,124.05,126.88,119.4,120.39,118.59,120.32,2.97,2.314075416,6.56,6.69,3.76,96,5.72,0.84
10/04/2014,126.82,126.86,123.64,123.64,120.38,120.64,117.11,117.16,3.24,2.380212886,6.48,6.69,5.28,85,6.26,0.22
11/04/2014,123.05,123.45,121.92,122.07,117.07,118.35,116.62,116.67,1.72,2.333054823,5.4,6.56,5.28,9,6,-0.6
14/04/2014,123.08,123.77,122.18,123.25,117.77,118.74,116.83,118,1.7,2.287836621,5.25,6.56,5.25,0,5.79,-0.54
15/04/2014,123.35,124.55,122.13,124.27,118.32,119.29,116.11,118.92,2.42,2.297276863,5.35,6.56,5.25,8,5.81,-0.46
16/04/2014,125,126.04,124.73,126.04,119.58,120.84,118.88,120.6,1.77,2.25961423,5.44,6.48,5.25,15,5.58,-0.14
17/04/2014,126.44,128.37,125.83,127.92,121.42,122.22,117.3,122,2.54,2.279641785,5.92,5.92,5.25,100,5.47,0.45
21/04/2014,128.05,128.44,127.37,127.82,122.07,122.55,121.55,122.21,1.07,2.1932388,5.61,5.92,5.25,54,5.51,0.1
22/04/2014,128.25,129.13,127.48,127.55,122.66,123.39,119.76,119.79,1.65,2.154436029,7.76,7.76,5.35,100,6.02,1.74
23/04/2014,130.67,131.5,129.33,130.63,119.26,122.25,117.17,121.66,3.95,2.282690598,8.97,8.97,5.44,100,6.74,2.23
24/04/2014,130.41,130.62,128.43,129.86,121.75,122,118.35,119.18,2.2,2.276784127,10.68,10.68,5.61,100,7.79,2.89
25/04/2014,129.84,130,128.37,128.66,119.15,119.15,118.14,118.99,1.63,2.230585261,9.67,10.68,5.61,80,8.54,1.13
28/04/2014,128.2,128.87,125.8,127.04,119.49,119.78,117.78,119.11,3.07,2.290543456,7.93,10.68,7.76,6,9,-1.07
29/04/2014,127.2,128.57,126.53,128.37,119.53,120.83,119.08,120.46,2.04,2.272647495,7.91,10.68,7.91,0,9.03,-1.12
30/04/2014,128.05,129.5,127.8,129.02,120.13,121.83,119.71,121.51,1.7,2.231744103,7.51,10.68,7.51,0,8.74,-1.23
01/05/2014,128.74,129.6,128.27,128.46,121.22,121.55,120.28,120.61,1.33,2.167333809,7.85,9.67,7.51,16,8.17,-0.32
02/05/2014,128.7,130.4,128.61,129.94,120.39,121.32,120,120.73,1.94,2.15109568,9.21,9.21,7.51,100,8.08,1.13
05/05/2014,129,132.38,128.95,131.96,120.38,121.44,120.02,120.95,3.43,2.242445989,11.01,11.01,7.51,100,8.7,2.31
06/05/2014,131.75,131.92,130.7,130.83,120.45,120.81,119.54,119.62,1.26,2.172271275,11.21,11.21,7.51,100,9.36,1.85
07/05/2014,130.77,131.1,129.2,130.35,120.08,121.07,119.35,120.92,1.9,2.152823327,9.43,11.21,7.85,47,9.74,-0.31
08/05/2014,130.17,131.27,130.17,130.57,121,121.92,120.68,121.23,1.1,2.077621661,9.34,11.21,9.21,6,10.04,-0.7
09/05/2014,130.26,131.33,129.88,131.1,121,121.12,120.15,121.06,1.45,2.032791542,10.04,11.21,9.34,37,10.21,-0.17
12/05/2014,131.82,132.99,131.64,132.6,121.41,122.7,121.37,122.44,1.89,2.022592146,10.16,11.21,9.34,44,10.04,0.12
13/05/2014,133.01,133.83,132.86,133.45,122.59,123.48,122.22,123.07,1.23,1.965978422,10.38,10.38,9.34,100,9.87,0.51
14/05/2014,133.8,133.97,132.69,132.99,123.16,123.16,121.64,121.74,1.28,1.916979963,11.25,11.25,9.34,100,10.23,1.02
15/05/2014,132.7,132.86,130.56,131.21,121.68,121.78,119.07,119.19,2.43,1.953624251,12.02,12.02,10.04,100,10.77,1.25
16/05/2014,131.31,131.71,130.03,130.81,119.21,119.47,118.3,118.88,1.68,1.934079662,11.93,12.02,10.16,95,11.15,0.78
19/05/2014,130.42,132.07,130.35,131.35,119.24,119.79,118.37,119.68,1.72,1.918788257,11.67,12.02,10.38,79,11.45,0.22
20/05/2014,130.94,131.6,129.07,129.58,119.05,119.58,117.5,117.68,2.53,1.962446239,11.9,12.02,11.25,84,11.75,0.15
21/05/2014,130.43,131.43,130.04,130.96,117.89,118.99,117.89,118.26,1.85,1.954414365,12.7,12.7,11.67,100,12.04,0.66
22/05/2014,131.66,132.48,131.27,131.84,118.27,118.89,118.01,118.5,1.52,1.923384767,13.34,13.34,11.67,100,12.31,1.03
23/05/2014,132,132.58,131.93,132.41,118.82,120.11,118.47,120.02,0.74,1.838857284,12.39,13.34,11.67,43,12.4,-0.01
27/05/2014,133.09,134.21,132.87,134.17,119.95,120.33,119.21,120.17,1.8,1.836081764,14,14,11.9,100,12.87,1.13
28/05/2014,134.17,135.15,134.17,134.33,120.43,121.6,119.9,120.27,0.98,1.774933066,14.06,14.06,12.39,100,13.3,0.76
29/05/2014,134.71,135.2,134.43,135.14,119.65,120.31,119.22,120.2,0.87,1.71029499,14.94,14.94,12.39,100,13.75,1.19
30/05/2014,134.67,135.44,134.04,135.25,119.85,121.8,119.69,121.55,1.4,1.688131062,13.7,14.94,12.39,51,13.82,-0.12
02/06/2014,135.5,136.03,134.77,135.9,121.32,122.28,120.62,121.96,1.26,1.657550272,13.94,14.94,13.7,19,14.13,-0.19
03/06/2014,135.8,136.53,135.62,135.88,121.15,122.1,120.48,121.49,0.91,1.604153824,14.39,14.94,13.7,56,14.21,0.18
04/06/2014,135.54,135.55,134.59,135.33,121.5,122.38,120.92,122.26,1.29,1.581714265,13.07,14.94,13.07,0,14.01,-0.94
05/06/2014,135.65,137.38,135.65,136.82,122.2,123.83,122.01,123.68,2.05,1.615163246,13.14,14.39,13.07,5,13.65,-0.51
06/06/2014,137.39,138.25,137.12,138.25,123.9,124.56,123.63,124,1.43,1.6019373,14.25,14.39,13.07,89,13.76,0.49
09/06/2014,138.25,138.39,137.5,137.96,123.75,124.92,123.28,124.46,0.89,1.551084636,13.5,14.39,13.07,33,13.67,-0.17
10/06/2014,137.59,137.75,136.29,137.25,124.01,124.03,123.03,123.75,1.67,1.55957859,13.5,14.25,13.07,36,13.49,0.01
11/06/2014,135.25,135.53,133.82,134.1,122.97,123.46,122.2,122.24,3.43,1.69318012,11.86,14.25,11.86,0,13.25,-1.39
12/06/2014,133.86,134.17,131.64,132.19,121.74,122,119.3,119.53,2.53,1.752952968,12.66,14.25,11.86,33,13.15,-0.49
13/06/2014,132.53,132.95,131.55,132.29,119.96,121.42,119.65,120.8,1.4,1.727742042,11.49,13.5,11.49,0,12.6,-1.11
16/06/2014,132.2,133.13,131.65,132.54,120.36,122.14,120.36,121.56,1.48,1.710046182,10.98,13.5,10.98,0,12.1,-1.12
17/06/2014,132.1,133.05,131.72,132.45,121.39,121.84,120.49,121.09,1.33,1.682900026,11.36,12.66,10.98,23,11.67,-0.31
18/06/2014,132.61,132.67,131.03,132.48,121.01,121.68,120.16,121.44,1.64,1.679835738,11.04,12.66,10.98,4,11.51,-0.47
19/06/2014,132.48,132.93,131.8,132.82,121.55,122.87,121.18,122.33,1.13,1.640561757,10.49,11.49,10.49,0,11.07,-0.58
20/06/2014,133.48,134.08,132.09,132.1,123.12,124.11,122.65,123.45,1.99,1.665521632,8.65,11.36,8.65,0,10.5,-1.85
23/06/2014,132.32,132.53,130.65,130.85,123.59,123.59,122.19,122.53,1.88,1.680841515,8.32,11.36,8.32,0,9.97,-1.65
24/06/2014,130.5,131.24,129,129.15,121.96,122.56,120.56,120.6,2.24,1.720781407,8.55,11.04,8.32,8,9.41,-0.86
25/06/2014,129.04,129.14,126.28,127.06,120.52,120.98,120.16,120.7,2.87,1.802868449,6.36,10.49,6.36,0,8.47,-2.11
26/06/2014,127.41,128.44,126.36,128.02,120.81,120.81,119.54,120.4,2.08,1.82266356,7.62,8.65,6.36,55,7.9,-0.28
27/06/2014,128.07,128.78,127.56,128.54,120.18,120.74,119.93,120.67,1.22,1.779616163,7.87,8.55,6.36,69,7.74,0.13
30/06/2014,127.91,127.91,126.2,127.23,121.11,121.14,119.39,119.63,2.34,1.81964358,7.6,8.55,6.36,57,7.6,8.88178E-15
01/07/2014,127.66,128.33,127.36,128.15,119.33,121.25,118.29,120.43,1.1,1.768240467,7.72,7.87,6.36,90,7.43,0.29
02/07/2014,128.15,128.5,127.34,127.62,120.01,120.81,119.54,119.74,1.16,1.724794719,7.88,7.88,7.6,100,7.74,0.14
03/07/2014,127.99,128.62,127.7,128.51,120.23,121.5,120.04,121.19,1,1.673023668,7.32,7.88,7.32,0,7.68,-0.36
07/07/2014,128.1,129.5,127.77,129.09,121,121,119.89,120.11,1.73,1.677093406,8.98,8.98,7.32,100,7.9,1.08
08/07/2014,128.89,128.97,125.92,126.79,119.87,120.43,118.77,119.35,3.17,1.783729591,7.44,8.98,7.32,7,7.87,-0.43
09/07/2014,128.31,128.32,125.91,126.79,119.79,120.2,119.17,119.8,2.41,1.828463192,6.99,8.98,6.99,0,7.72,-0.73
10/07/2014,125.54,127.63,125.12,126.79,118.23,120.71,118.23,119.92,2.51,1.877144392,6.87,8.98,6.87,0,7.52,-0.65
11/07/2014,127.18,128.24,126.36,128.09,120.21,121.9,119.6,121.67,1.88,1.877348364,6.42,8.98,6.42,0,7.34,-0.92
14/07/2014,128.91,130.58,128.76,129.52,121.57,122.7,121.41,122.34,2.49,1.921109196,7.18,7.44,6.42,75,6.98,0.2
15/07/2014,130.31,130.31,128.34,129.1,122.69,123.82,122.44,123.15,1.97,1.924601396,5.95,7.18,5.95,0,6.68,-0.73
16/07/2014,129.56,129.56,127.14,127.42,123.44,123.64,122.68,123.19,2.42,1.95998701,4.23,7.18,4.23,0,6.13,-1.9
17/07/2014,127.21,128.18,125.79,125.88,122.42,124,122.35,122.56,2.39,1.990702224,3.32,7.18,3.32,0,5.42,-2.1
18/07/2014,126.38,127.82,126.25,127.64,123,124.4,122.8,123.87,1.94,1.987080637,3.77,7.18,3.32,12,4.89,-1.12
21/07/2014,127.3,128.42,126.77,128.3,123.74,125.3,123.38,125.12,1.65,1.963003448,3.18,5.95,3.18,0,4.09,-0.91
22/07/2014,128.99,130.01,128.58,129.74,125.52,127.01,125.21,126.53,1.71,1.944931773,3.21,4.23,3.18,3,3.54,-0.33
23/07/2014,127.79,128.4,126.02,126.71,124.96,127.97,124.93,126.61,3.72,2.071722361,0.1,3.77,0.1,0,2.72,-2.62
24/07/2014,125.92,126.05,124,124.4,127.01,128.29,126.01,127.92,2.71,2.117313621,-3.52,3.77,-3.52,0,1.35,-4.87
25/07/2014,124.48,124.53,122.41,123.2,127.41,128.31,127.35,127.56,2.12,2.117505505,-4.36,3.21,-4.36,0,-0.28,-4.08
28/07/2014,123.44,124.56,122.16,123.06,127.97,128.46,126.6,127.79,2.4,2.137683683,-4.73,3.21,-4.73,0,-1.86,-2.87
29/07/2014,123.31,123.63,122.2,122.32,127.56,127.97,126.21,126.37,1.43,2.087134849,-4.05,0.1,-4.73,14,-3.31,-0.74
30/07/2014,123.2,123.8,121.76,122.29,127.08,127.23,125.31,125.85,2.04,2.083768074,-3.56,-3.52,-4.73,97,-4.04,0.48
31/07/2014,121.47,122.05,120.41,120.48,124.91,125,123.03,123.27,1.88,2.069213211,-2.79,-2.79,-4.73,100,-3.9,1.11
01/08/2014,120.45,121.71,119.64,120.38,122.91,124.85,122.85,123.92,2.07,2.069269411,-3.54,-2.79,-4.73,61,-3.73,0.19
04/08/2014,120.8,121.19,119.77,119.93,123.53,123.97,122.22,123.36,1.42,2.022893024,-3.43,-2.79,-4.05,49,-3.47,0.04
05/08/2014,119.67,121.98,119.66,121.27,123.12,125.23,122.88,123.07,2.32,2.044114951,-1.8,-1.8,-3.56,100,-3.02,1.22
06/08/2014,119.32,119.36,117.87,118.34,122,122.2,120.58,120.98,3.4,2.140963883,-2.64,-1.8,-3.54,52,-2.84,0.2
07/08/2014,119,120.22,118.87,119.84,121.8,122.36,119.97,120.3,1.88,2.122323606,-0.46,-0.46,-3.54,100,-2.37,1.91
08/08/2014,119.8,120.65,119.28,120.63,120.75,122.96,120.54,122.86,1.37,2.068586205,-2.23,-0.46,-3.43,40,-2.11,-0.12
11/08/2014,121.15,121.76,120.75,120.8,123.26,124.02,123.18,123.49,1.13,2.001544334,-2.69,-0.46,-2.69,0,-1.96,-0.73
12/08/2014,120.51,120.94,120.01,120.47,123.58,124.39,122.8,123.03,0.93,1.925005453,-2.56,-0.46,-2.69,6,-2.12,-0.44
13/08/2014,120.67,122.23,120.63,121.98,123.5,125.68,123.16,125.16,1.76,1.913219349,-3.18,-0.46,-3.18,0,-2.22,-0.96
14/08/2014,122.2,124.69,122.16,124.11,125.38,125.93,124.94,125.01,2.71,1.970132252,-0.9,-0.9,-3.18,100,-2.31,1.41
15/08/2014,124.5,124.5,122.15,123.16,125.51,125.98,123.68,124.87,2.35,1.997265663,-1.71,-0.9,-3.18,64,-2.21,0.5
18/08/2014,123.58,125.24,123.57,124.98,125.62,126.94,125.62,126.73,2.08,2.003175258,-1.75,-0.9,-3.18,63,-2.02,0.27
19/08/2014,125.22,125.79,125.11,125.58,127.07,127.42,126.45,127.01,0.81,1.917948454,-1.43,-0.9,-3.18,77,-1.79,0.36
20/08/2014,125.89,127.71,125.58,127.35,127.02,128.39,126.76,128.17,2.13,1.933094993,-0.82,-0.82,-1.75,100,-1.32,0.5
21/08/2014,127.54,127.78,126.74,127.5,128.56,128.56,127.66,128.03,1.04,1.869302494,-0.53,-0.53,-1.75,100,-1.25,0.72
22/08/2014,127.33,127.8,126.96,127.46,128.3,128.66,127.45,127.6,0.84,1.795780887,-0.14,-0.14,-1.75,100,-0.93,0.79
25/08/2014,128.08,128.49,127.78,128.33,128.31,128.44,127.49,128.02,1.03,1.741082252,0.31,0.31,-1.43,100,-0.52,0.83
26/08/2014,128.69,129.13,128.31,128.6,128.04,128.06,127.02,127.27,0.82,1.675290663,1.33,1.33,-0.82,100,0.03,1.3
27/08/2014,128.77,128.99,127.95,128.2,127.57,127.86,126.94,127.62,1.04,1.629912758,0.58,1.33,-0.53,60,0.31,0.27
28/08/2014,127.34,127.75,126.72,127.11,126.31,127.19,126.31,126.88,1.48,1.619204704,0.23,1.33,-0.14,25,0.46,-0.23
29/08/2014,127.35,127.35,126.05,126.8,126.9,127.68,126.77,127.22,1.3,1.596404368,-0.42,1.33,-0.42,0,0.41,-0.83
02/09/2014,125.62,126.26,124.57,125.48,128.41,128.72,127.81,128.57,2.23,1.641661199,-3.09,1.33,-3.09,0,-0.27,-2.82
03/09/2014,125.46,126.24,125.2,125.94,129.1,129.1,127.61,127.93,1.04,1.598685399,-1.99,0.58,-3.09,30,-0.94,-1.05
04/09/2014,126.38,126.75,125.26,125.46,128.41,128.63,127.03,127.22,1.49,1.590922156,-1.76,0.23,-3.09,40,-1.41,-0.35
05/09/2014,125.43,125.55,124.1,124.69,127.3,127.61,126.74,127.53,1.45,1.580856288,-2.84,-0.42,-3.09,9,-2.02,-0.82
