Date,Open,High,Low,Close
08/09/2014,126.68,126.75,125.69,126.21
05/09/2014,127.15,127.44,126.16,127.4
04/09/2014,128.21,128.46,126.2,126.8
03/09/2014,128.45,128.88,127.67,127.86
02/09/2014,129.2,129.38,127.06,127.54
29/08/2014,129,129.53,128.5,129.45
28/08/2014,128.28,128.9,128.25,128.75
27/08/2014,128.41,128.82,128.19,128.64
26/08/2014,128.06,128.71,127.94,128.25
25/08/2014,127.57,128.07,127.38,127.84
22/08/2014,127.02,127.5,126.47,127.11
21/08/2014,127.68,128.18,127.18,127.93
20/08/2014,127.25,127.6,126.78,127.49
19/08/2014,126.72,127.7,126.55,127.63
18/08/2014,126.27,126.59,125.63,126.3
15/08/2014,126.42,126.79,125.68,126.1
14/08/2014,127.68,127.7,126.53,126.96
13/08/2014,127.64,128.24,126.87,127.6
12/08/2014,127.14,127.28,126.26,127.09
11/08/2014,128.16,128.67,127.54,127.71
08/08/2014,126.07,127.96,125.91,127.86
07/08/2014,126.19,126.73,124.83,125.65
06/08/2014,124.9,126.97,124.8,125.73
05/08/2014,127.81,127.81,124.58,124.96
04/08/2014,127.69,128.36,126.03,128.17
01/08/2014,127.76,128.96,126.36,127.9
31/07/2014,131.73,131.97,129.1,129.24
30/07/2014,132.97,133.69,131.5,132.53
29/07/2014,132.9,133.72,132.42,132.42
28/07/2014,133.56,133.8,132.89,133.24
25/07/2014,134.58,134.61,133.06,133.57
24/07/2014,134.03,135.1,133.69,134.85
23/07/2014,132.7,133.93,132.48,133.88
22/07/2014,131.55,133.2,131.55,132.58
21/07/2014,130.11,131.34,130.01,131.29
18/07/2014,130.64,130.73,129.58,130.39
17/07/2014,130.64,131.5,129.88,130.08
16/07/2014,129.89,130.94,129.69,130.89
15/07/2014,129.07,129.5,128.61,129.26
14/07/2014,128.8,129.5,128.38,129.26
11/07/2014,129.13,129.89,128.03,128.47
10/07/2014,130.48,130.86,129.9,130.25
09/07/2014,130.27,131.69,129.99,131.39
08/07/2014,129.7,130.38,129.52,129.9
07/07/2014,130.44,130.64,130.02,130.47
03/07/2014,131.44,131.59,130.72,131.19
02/07/2014,130.53,130.92,129.99,130.23
01/07/2014,130.94,131.42,130.46,130.54
30/06/2014,130.15,130.63,129.37,130.55
27/06/2014,130.73,130.95,129.3,130.36
26/06/2014,131.21,131.22,129.53,130.92
25/06/2014,131.34,132.36,131.01,131.23
24/06/2014,132.74,133.46,131.71,131.77
23/06/2014,132.52,133.57,132.42,132.98
20/06/2014,131.95,132.4,130.88,132.34
19/06/2014,130.29,132,129.91,131.99
18/06/2014,128.96,130.5,128.36,130.28
17/06/2014,127.9,129.04,127.57,128.83
16/06/2014,127.15,128.81,127.14,128.54
13/06/2014,125.94,127.26,125.9,127.26
12/06/2014,125.73,126.23,125.42,126.11
11/06/2014,125.13,125.47,124.62,125.18
10/06/2014,124.98,125.37,124.15,125.34
09/06/2014,124.01,124.64,123.88,124.37
06/06/2014,123.7,124.7,123.54,124.19
05/06/2014,122.53,123.78,122.46,123.52
04/06/2014,122.32,122.68,122,122.35
03/06/2014,122.39,122.82,121.72,122.55
02/06/2014,122.93,123.04,122.01,122.21
30/05/2014,122.24,122.88,122.01,122.79
29/05/2014,122.89,122.9,121.65,122.32
28/05/2014,122.9,123.31,122.52,122.52
27/05/2014,123.76,123.99,122.75,122.84
23/05/2014,124.1,124.36,123.33,123.37
22/05/2014,124.1,124.41,123.56,123.63
21/05/2014,123,124.36,122.94,124.16
20/05/2014,122.95,123.1,122.24,122.5
19/05/2014,122.95,123.42,122.85,122.95
16/05/2014,123.96,124.35,122.89,123.18
15/05/2014,125.17,125.5,123.55,123.81
14/05/2014,126.14,126.78,125.76,126.42
13/05/2014,125.57,125.99,124.97,125.85
12/05/2014,125.57,125.57,124.63,125.24
09/05/2014,125.39,126.07,124.64,125.03
08/05/2014,125.7,126.13,124.87,125.09
07/05/2014,125.95,126.78,125.64,126.23
06/05/2014,125,125.69,124.52,124.97
05/05/2014,124.82,125.85,124.34,125.36
02/05/2014,123.9,125.8,123.58,124.72
01/05/2014,125.66,125.76,124.28,124.94
30/04/2014,125.76,125.98,125.31,125.52
29/04/2014,125.92,127.27,125.76,125.97
28/04/2014,124.26,126.06,124.25,125.73
25/04/2014,124.23,124.7,123.58,123.99
24/04/2014,124.84,124.92,124.14,124.3
23/04/2014,124.19,124.96,124.19,124.69
22/04/2014,123.87,124.35,123.61,124
21/04/2014,123.05,124.4,123.05,124.24
17/04/2014,121.72,123.85,121.72,123.68
16/04/2014,120.9,122.12,120.9,121.83
15/04/2014,118.71,120.31,118.34,120.3
14/04/2014,117.84,118.83,117.34,118.7
11/04/2014,116.5,117.73,116.5,117.03
10/04/2014,117.2,118.06,116.55,116.69
09/04/2014,117.83,119.25,117.59,119.1
08/04/2014,117.66,118.31,117.18,117.8
07/04/2014,118.32,118.82,117.34,117.34
04/04/2014,119.75,119.75,118.59,118.8
03/04/2014,119.78,119.79,118.89,119.04
02/04/2014,118.52,119.54,118.52,119.35
01/04/2014,119.15,119.61,118.84,119
31/03/2014,118.79,119.62,118.49,118.91
28/03/2014,118.13,118.55,117.7,118.5
27/03/2014,117.75,117.99,116.83,117.67
26/03/2014,117.8,118.28,117.36,117.71
25/03/2014,116.23,117.19,116.21,117.09
24/03/2014,116,116.69,115.65,115.85
21/03/2014,116.29,118,115.58,115.63
20/03/2014,114.85,116.08,114.32,115.51
19/03/2014,115.88,116.74,114.66,115.2
18/03/2014,115.62,116.56,115.2,116.24
17/03/2014,114.26,115.29,114.13,115.07
14/03/2014,114.36,114.9,113.68,114.1
13/03/2014,115.6,115.75,114.12,114.45
12/03/2014,114.14,116.36,114.13,115.65
11/03/2014,115.9,116.23,114.24,114.51
10/03/2014,115.45,115.94,114.12,115.84
07/03/2014,115.07,115.95,114.64,115.08
06/03/2014,114.71,115.15,114.35,114.85
05/03/2014,115.08,115.26,114.01,114.43
04/03/2014,115.89,116.27,115.26,115.32
03/03/2014,114.79,116.19,114.26,114.84
28/02/2014,115.87,116.74,114.81,115.33
27/02/2014,115.66,115.82,114.56,115.69
26/02/2014,114.82,115.86,114.4,115.51
25/02/2014,114.37,115.44,114.24,114.97
24/02/2014,113.37,115,113.05,114.15
21/02/2014,114.72,114.74,112.6,112.68
20/02/2014,113.51,115.33,113.1,114.6
19/02/2014,112.55,115.05,112.47,113.6
18/02/2014,113.86,114.11,112.6,112.71
14/02/2014,112.58,113.83,111.59,113.48
13/02/2014,111.73,112.74,111.18,112.51
12/02/2014,112.89,112.89,111.81,112.03
11/02/2014,112.03,113.87,111.95,113.58
10/02/2014,112.47,112.47,111.08,111.69
07/02/2014,111.91,112.12,110.39,112.05
06/02/2014,110.11,111.35,109.91,111.27
05/02/2014,111,111,109.27,109.52
04/02/2014,111.86,112.04,110.49,110.83
03/02/2014,112.35,112.46,110.54,111.14
31/01/2014,113.9,113.9,111.11,111.63
30/01/2014,116.31,116.96,115.18,116.45
29/01/2014,116.14,116.89,115.71,116
28/01/2014,116.72,117.03,116.07,116.84
27/01/2014,116.26,117.25,115.88,116.43
24/01/2014,117.87,118.14,116.26,116.29
23/01/2014,119.84,119.85,118.26,118.39
22/01/2014,120.51,120.76,119.97,120.43
21/01/2014,120.74,120.89,119.51,120.36
17/01/2014,119.03,120.38,118.74,119.29
16/01/2014,119.11,119.29,118.19,118.83
15/01/2014,119.69,120.07,119.05,119.18
14/01/2014,119.4,119.75,118.8,119.57
13/01/2014,120.81,120.9,119.01,119.25
10/01/2014,122.5,122.84,120.37,121.01
09/01/2014,123.42,123.42,122.02,123.29
08/01/2014,124.44,124.46,122.75,123.29
07/01/2014,124.42,125.32,123.65,125.07
06/01/2014,124.59,124.8,123.52,124.02
03/01/2014,124.6,124.89,123.86,124.35
02/01/2014,124.46,124.88,123.71,124.14
31/12/2013,124.68,125.17,123.93,124.91
30/12/2013,124.79,125.21,123.9,124.23
27/12/2013,125,125.65,124.69,125.23
26/12/2013,123.6,124.99,123.55,124.81
24/12/2013,122.77,123.55,122.7,123.51
23/12/2013,123.41,123.59,122.63,122.8
20/12/2013,122.82,123.79,122.4,122.78
19/12/2013,121.57,123.4,121.06,123.22
18/12/2013,119.33,121.77,119.21,121.6
17/12/2013,120.12,120.23,118.25,118.74
16/12/2013,120.46,120.7,119.81,120.22
13/12/2013,120.44,121.14,119.38,119.9
12/12/2013,121.78,122.1,120.57,120.99
11/12/2013,123.82,123.89,121.8,122.1
10/12/2013,123.79,123.94,122.7,123.66
09/12/2013,122.27,123.88,122.16,123.34
06/12/2013,122.05,122.36,121.65,122.29
05/12/2013,121.27,122,120.71,121.1
04/12/2013,122.1,122.83,121.19,121.77
03/12/2013,122.31,122.9,121.87,122.52
02/12/2013,122.87,123.06,122.05,122.34
29/11/2013,122.83,123.3,122,122.44
27/11/2013,122.62,122.74,121.64,122.42
26/11/2013,123.41,123.7,122.65,122.78
25/11/2013,123.77,124.1,123.22,123.74
22/11/2013,123.54,124.19,122.42,124.03
21/11/2013,122.36,123.6,122.36,123.46
20/11/2013,122.16,122.75,121.6,122
19/11/2013,120.55,122.38,120.27,122.06
18/11/2013,120.71,120.89,120.07,120.56
15/11/2013,119.78,120.27,119.13,120.06
14/11/2013,119.58,119.93,119.32,119.56
13/11/2013,119.58,120.15,119.19,120.09
12/11/2013,121.03,121.25,119.63,120
11/11/2013,121.18,121.5,120.71,121.08
08/11/2013,119.67,121.21,119.58,121.19
07/11/2013,121.6,121.88,119.42,119.91
06/11/2013,119.3,121.41,118.82,121.14
05/11/2013,117.6,118.9,117.07,118.45
04/11/2013,118.59,118.6,117.32,118.1
01/11/2013,119.04,119.44,117,118.01
31/10/2013,120.15,121.33,119.83,119.96
30/10/2013,121.54,121.96,119.91,120.3
29/10/2013,121.33,122.01,121.16,121.5
28/10/2013,120.56,121.15,120.09,120.91
25/10/2013,120.59,121.22,120.27,120.59
24/10/2013,120.67,121,119.91,120.56
23/10/2013,120.29,120.64,119.84,120.13
22/10/2013,120.14,120.79,119.71,120.64
21/10/2013,119.63,120.19,119.31,119.82
18/10/2013,119.61,119.85,119.13,119.65
17/10/2013,119.1,119.61,118.67,119.52
16/10/2013,119.42,119.72,118.34,119.16
15/10/2013,118.56,119.07,117.77,118.15
14/10/2013,117.33,118.75,116.32,118.58
11/10/2013,116.57,117.71,115.93,117.67
10/10/2013,115.24,116.38,114.44,116.38
09/10/2013,116.55,116.8,115.32,116.13
08/10/2013,117.89,118.09,116.71,116.73
07/10/2013,117.43,118.5,117.21,117.87
04/10/2013,118.5,118.54,117.52,118.13
03/10/2013,120.62,120.66,117.93,118.25
02/10/2013,121.04,121.18,119.76,120.83
01/10/2013,121.27,121.74,120.84,121.32
30/09/2013,121.6,122.02,120.5,121.5
27/09/2013,123.23,123.26,122.51,122.64
26/09/2013,124.1,124.44,123.02,123.49
25/09/2013,124.77,125.03,124.07,124.07
24/09/2013,125.34,125.84,124.41,124.49
23/09/2013,124.62,125.62,124.57,125.52
20/09/2013,125.66,126.23,124.74,124.92
19/09/2013,125.86,126.12,125.25,125.44
18/09/2013,124.36,126.43,123.82,125.82
17/09/2013,124.1,125.19,124.08,124.34
16/09/2013,124.98,125.19,123.98,124.08
13/09/2013,123.98,124.83,123.81,124.14
12/09/2013,124.05,124.62,123.64,123.89
11/09/2013,123.05,124,122.79,123.92
10/09/2013,122.82,123.01,121.21,123.01
09/09/2013,121.21,122.47,121.21,122.22
06/09/2013,121.53,122.75,119.01,121.21
05/09/2013,121.08,121.67,120.91,121.37
04/09/2013,120.35,121.27,119.94,120.86
03/09/2013,121.34,121.48,120,120.55
30/08/2013,120.52,120.88,120.07,120.43
29/08/2013,121.15,121.56,120.06,120.37
28/08/2013,119.46,122.36,119.46,121.81
27/08/2013,118.24,119.67,118.07,118.81
26/08/2013,119.74,119.92,118.52,118.84
23/08/2013,118.69,119.73,118.12,119.53
22/08/2013,117.94,119.19,117.43,118.29
21/08/2013,118.38,118.5,117.22,117.7
20/08/2013,118.59,119.3,118.29,118.29
19/08/2013,119.69,120,118.52,118.66
16/08/2013,119.89,120.19,119.05,119.88
15/08/2013,120.68,121,120,120.25
14/08/2013,122.76,122.96,121.54,122.05
13/08/2013,121.93,123.23,121.4,122.5
12/08/2013,122,122.07,120.91,121.8
09/08/2013,123.12,123.12,121.68,122.5
08/08/2013,123.88,124.21,121.91,123.07
07/08/2013,123.03,123.92,122.8,123.33
06/08/2013,123.97,124.16,123.01,123.14
05/08/2013,124.72,124.75,123.76,123.99
02/08/2013,124.87,125.1,123.3,124.95
01/08/2013,126.49,126.66,125.64,126.44
31/07/2013,126.02,126.91,125.46,125.89
30/07/2013,126.2,126.96,125.19,125.78
29/07/2013,127.37,127.37,125.89,126.17
26/07/2013,127.03,127.62,126.09,127.56
25/07/2013,126.14,127.83,125.79,127.76
24/07/2013,127.25,127.63,125.9,126.37
23/07/2013,127.07,127.65,126.7,127.26
22/07/2013,126.71,127.61,126.65,127.03
19/07/2013,125.79,126.91,125.17,126.91
18/07/2013,124.68,125.65,124.64,125.47
17/07/2013,124.65,125,124.29,124.35
16/07/2013,124.71,125.24,123.55,124.12
15/07/2013,124.11,125.14,124.06,124.68
12/07/2013,123.52,124.15,123.04,124.06
11/07/2013,123.95,124.11,122.51,123.77
10/07/2013,123.45,124.54,122.71,122.9
09/07/2013,122.39,123.74,122.05,123.27
08/07/2013,121.29,122.31,120.98,121.24
05/07/2013,119.69,120.86,119.1,120.51
03/07/2013,119.24,119.3,118.61,119.08
02/07/2013,119.09,120.33,118.59,119.15
01/07/2013,118.35,120.01,118,119.08
28/06/2013,118.79,119.56,118.14,118.34
27/06/2013,118.52,119.54,118.49,118.71
26/06/2013,118.34,118.54,117,118.15
25/06/2013,117.75,117.87,116.92,117.45
24/06/2013,117.71,118.03,116.02,116.82
21/06/2013,119.24,119.54,117.26,118.93
20/06/2013,119.54,119.66,117.57,117.95
19/06/2013,121.8,122.38,120.41,120.5
18/06/2013,121.03,121.72,120.86,121.52
17/06/2013,120.45,121.78,120.28,121.22
14/06/2013,121.13,121.68,120.1,120.28
13/06/2013,119.9,121.83,119.81,121.66
12/06/2013,122.32,122.73,119.61,119.97
11/06/2013,121.87,122.76,121.26,121.45
10/06/2013,122.94,122.98,121.8,122.69
07/06/2013,121.22,121.97,120.14,121.7
06/06/2013,121.27,121.49,118.66,120.59
05/06/2013,122.34,123.1,121.31,121.57
04/06/2013,122.82,123.65,122.14,122.96
03/06/2013,122.35,124.12,122.35,124.09
31/05/2013,124.64,125.3,122.75,122.75
30/05/2013,125.23,125.97,124.51,125.11
29/05/2013,126.07,126.73,124.81,125.49
28/05/2013,126.39,127.4,125.86,126.43
24/05/2013,124.5,125.56,124.33,125.45
23/05/2013,124.21,125.83,124.21,125.4
22/05/2013,125.91,126.98,124.6,124.93
21/05/2013,124.84,126.2,124.75,125.94
20/05/2013,123.43,124.84,123.18,124.78
17/05/2013,122.74,123.42,122.27,123.42
16/05/2013,122.74,123.37,122.5,122.76
15/05/2013,123.73,123.73,122.6,123.01
14/05/2013,122.92,125,122.91,125
13/05/2013,122.9,123.1,122.17,122.85
10/05/2013,123.38,123.71,122.11,123.23
09/05/2013,123.46,123.95,122.96,123.64
08/05/2013,122.98,123.6,122.85,123.36
07/05/2013,123.35,123.72,122.54,123.04
06/05/2013,123.32,123.78,122.71,123.25
03/05/2013,122.69,123.91,122.46,123.49
02/05/2013,121,122.33,120.63,122.04
01/05/2013,121.25,121.57,120.05,120.27
30/04/2013,121.05,122.01,120.12,122.01
29/04/2013,120.44,121.6,120.04,121.32
26/04/2013,119,120.41,118.68,120.04
25/04/2013,119.07,120,118.3,118.51
24/04/2013,118.04,118.68,117.98,118.28
23/04/2013,116.99,118.09,115.9,117.48
22/04/2013,116.39,117.1,115.89,116.57
19/04/2013,116.36,116.95,115.83,115.9
18/04/2013,114.88,116.12,114.6,115.59
17/04/2013,116.4,116.4,114.12,114.81
16/04/2013,117.34,117.5,116.21,117.01
15/04/2013,118.81,118.9,116.5,116.57
12/04/2013,120.46,120.9,119.5,119.94
11/04/2013,119.96,121.15,119.52,120.95
10/04/2013,118.89,119.83,118.51,119.64
09/04/2013,117.99,118.87,117.63,118.64
08/04/2013,117.45,117.87,116.65,117.81
05/04/2013,116.64,117.64,116.17,117.52
04/04/2013,117.93,118.68,117.17,118.07
03/04/2013,119.18,119.25,117.35,117.78
02/04/2013,119.84,119.95,118.66,119
01/04/2013,118.99,119.86,118.76,119.61
28/03/2013,120.44,120.73,118.76,118.82
27/03/2013,120.5,120.71,119.7,120.19
26/03/2013,120.74,121.13,120.32,120.98
25/03/2013,121.5,121.56,119.56,120.18
22/03/2013,120.66,121.4,120.48,121.18
21/03/2013,120,120.99,119.81,120.34
20/03/2013,119.98,120.88,119.86,120.35
19/03/2013,119.39,119.81,118.65,119.46
18/03/2013,118.78,119.9,118.7,119.13
15/03/2013,119.59,119.92,118.91,119.68
14/03/2013,118.73,120.26,118.6,120
13/03/2013,118.38,118.7,118.06,118.36
12/03/2013,118.88,119.3,118.16,118.25
11/03/2013,118.63,118.8,118.1,118.73
08/03/2013,118.95,119.11,117.99,118.57
07/03/2013,118.62,118.89,118.21,118.56
06/03/2013,118.3,118.78,118.03,118.47
05/03/2013,117.97,118.25,117.67,117.93
04/03/2013,116.78,117.81,116.08,117.49
01/03/2013,116.73,117.24,115.95,116.9
28/02/2013,116.57,117.89,116.35,117.15
27/02/2013,114.71,116.95,114.71,116.65
26/02/2013,114.47,115.17,113.75,114.96
25/02/2013,116.5,117.34,113.5,113.54
22/02/2013,115.51,116.23,114.82,115.96
21/02/2013,114.79,115.3,114.09,114.99
20/02/2013,115.93,116.1,114.84,114.99
19/02/2013,115.19,116.26,115.19,115.92
15/02/2013,115.5,115.7,114.03,114.96
14/02/2013,115.16,116.26,115.07,115.71
13/02/2013,115.43,115.84,114.91,115.53
12/02/2013,115.72,116.84,115.51,116.5
11/02/2013,115.68,115.84,115.01,115.64
08/02/2013,114.93,115.78,114.9,115.64
07/02/2013,115.99,116,114.33,115.02
06/02/2013,115.43,115.92,114.85,115.91
05/02/2013,115.74,116.38,115.51,115.81
04/02/2013,115.02,115.89,114.29,115.2
01/02/2013,115.84,116.69,115.05,116.5
31/01/2013,116.22,116.9,115.15,115.15
30/01/2013,117.07,117.5,116.26,116.45
29/01/2013,116.28,117.4,116.25,117.21
28/01/2013,116.56,116.58,115.41,116.04
25/01/2013,115.52,116.38,115.15,116.2
24/01/2013,115.49,116.37,115.28,115.5
23/01/2013,115.35,115.9,114.93,115.01
22/01/2013,115.11,115.94,114.53,115.91
18/01/2013,115.23,115.24,114.06,115.24
17/01/2013,114.73,115.86,114.59,114.74
16/01/2013,113.31,114.33,113.17,113.97
15/01/2013,112.26,113.47,112.15,113.44
14/01/2013,111.38,112.95,111.35,112.85
11/01/2013,111.2,112.08,110.8,111.73
10/01/2013,110.19,110.76,110.09,110.47
09/01/2013,109.72,110.08,109.2,109.54
08/01/2013,109.48,109.69,109.1,109.26
07/01/2013,110.02,110.09,109.19,109.75
04/01/2013,109.99,110.62,109.9,110.5
03/01/2013,110.14,110.92,109.51,109.92
02/01/2013,110.27,110.42,108.74,110.39
31/12/2012,105.75,108.23,105.75,108.14
28/12/2012,107.68,107.78,106.3,106.45
27/12/2012,108.46,108.86,107.27,108.52
26/12/2012,109.1,109.27,108.21,108.46
24/12/2012,109.3,109.39,108.48,108.63
21/12/2012,109.57,110.3,108.56,109.71
20/12/2012,110,110.67,109.65,110.38
19/12/2012,110.47,111.11,109.89,109.91
18/12/2012,108.54,110.4,108.32,110.1
17/12/2012,107.97,108.84,107.94,108.68
14/12/2012,107.61,108.39,107.4,107.82
13/12/2012,108.54,108.54,107.46,107.91
12/12/2012,108.17,109.18,107.93,108.08
11/12/2012,107.29,108.23,107.15,107.74
10/12/2012,107.1,107.69,106.47,106.96
07/12/2012,106.73,107,106.14,106.99
06/12/2012,105.49,106.5,105.29,106.45
05/12/2012,104.38,105.81,104,105.17
04/12/2012,104.4,105.09,103.94,103.96
03/12/2012,106,106.07,104.38,104.66
30/11/2012,106.1,106.37,105.27,105.69
29/11/2012,105.89,106.69,105.38,105.79
28/11/2012,102.98,105.62,102.76,105.58
27/11/2012,105,105.16,103.2,103.38
26/11/2012,104.75,104.99,104.25,104.99
23/11/2012,104.87,105.47,104.46,105.47
21/11/2012,103.95,104.12,103.41,104.1
20/11/2012,104.01,104.12,102.92,103.56
19/11/2012,103.67,104.35,103.14,104.35
16/11/2012,101.56,102.49,101,102.4
15/11/2012,101.99,103.47,100.66,101.62
14/11/2012,104.99,105.01,102.22,102.5
13/11/2012,105.37,106.45,105.2,105.28
12/11/2012,106.45,106.52,105.49,105.93
09/11/2012,105.26,106.69,105.08,105.84
08/11/2012,107.23,107.67,105.87,105.87
07/11/2012,109.24,109.3,106.78,107.51
06/11/2012,109.65,110.69,109.25,110.36
05/11/2012,107.74,109.34,107.74,109.19
02/11/2012,110.7,111.21,107.57,108.37
01/11/2012,110.02,111.69,109.89,111.46
31/10/2012,111.93,111.94,109.25,110.24
26/10/2012,110.67,111.69,110.58,111.18
25/10/2012,110.63,110.97,109.65,110.96
24/10/2012,109.42,110.49,109.03,109.71
23/10/2012,111.58,111.58,109.1,109.38
22/10/2012,113.61,113.7,111.73,112.74
19/10/2012,114.9,114.99,113.11,113.38
18/10/2012,114.55,115.03,114.37,114.65
17/10/2012,114.36,115.36,114.36,115.18
16/10/2012,113.48,114.41,113.32,114.09
15/10/2012,112.16,113.04,111.1,112.82
12/10/2012,113.08,113.29,111.61,112.07
11/10/2012,113.37,114.22,113.06,113.06
10/10/2012,114.64,115.05,112.01,112.45
09/10/2012,117.52,118.38,117.35,117.36
08/10/2012,117.19,117.87,116.95,117.62
05/10/2012,117.42,118.25,117.12,117.5
04/10/2012,116.64,117.47,116.47,117.15
03/10/2012,117.65,117.74,116.05,116.14
02/10/2012,117.65,118.08,116.92,117.96
01/10/2012,116.92,118.25,116.87,117.25
28/09/2012,116.88,116.89,116.15,116.56
27/09/2012,116.78,117.4,116.52,117.2
26/09/2012,116.82,117,116.15,116.3
25/09/2012,118.18,118.5,116.53,116.93
24/09/2012,117.55,118.49,117.46,117.78
21/09/2012,118.53,118.53,117.47,117.8
20/09/2012,116.14,118.17,115.5,117.85
19/09/2012,117.09,117.18,115.83,116.6
18/09/2012,116.99,117.65,116.59,116.97
17/09/2012,117.17,118.5,116.89,117.14
14/09/2012,116.93,118.22,116.48,117.25
13/09/2012,114.73,116.97,114.12,116.56
12/09/2012,114.23,114.74,114.03,114.48
11/09/2012,114.07,114.75,114,114.18
10/09/2012,114.2,114.54,113.6,113.96
07/09/2012,112.97,114,112.74,114
06/09/2012,111.57,113.44,111.57,113.03
05/09/2012,111.6,111.73,110.59,110.77
04/09/2012,112.03,112.27,110.88,111.22
31/08/2012,111.67,112.95,111.67,112.16
30/08/2012,111.49,111.69,110.92,110.93
29/08/2012,112.33,112.44,111.6,111.8
28/08/2012,111.84,112.81,111.77,112.35
27/08/2012,112.18,112.39,111.46,111.73
24/08/2012,110.77,112.2,110.76,112.01
23/08/2012,112.08,112.17,110.95,111.29
22/08/2012,111.9,112.35,111.28,112.15
21/08/2012,112.81,113.45,111.78,111.98
20/08/2012,112.69,112.89,112.14,112.52
17/08/2012,113.31,113.57,112.51,112.66
16/08/2012,112.72,113.59,112.1,113.32
15/08/2012,112.13,113,112,112.57
14/08/2012,113.7,113.87,112.96,113.32
13/08/2012,113.32,113.59,112.71,113.28
10/08/2012,111.96,113.64,111.28,113.55
09/08/2012,112.26,113.28,111.73,112.63
08/08/2012,111.5,112.64,111.36,112.14
07/08/2012,111.6,112.39,111.51,111.95
06/08/2012,110.75,112.1,110.7,111.31
03/08/2012,111.14,111.88,110.9,111.12
02/08/2012,109.46,109.93,108.47,109.25
01/08/2012,109.72,111.23,109.14,110.5
31/07/2012,109.55,110.82,109.53,109.58
30/07/2012,108.87,109.93,108.76,109.82
27/07/2012,109.38,109.5,107.13,109.26
26/07/2012,107.59,108.63,107.26,108.27
25/07/2012,106.52,106.77,105.28,106.06
24/07/2012,108.16,108.16,104.61,106.3
23/07/2012,107.25,108.28,106.03,107.95
20/07/2012,108.16,109.25,107.5,109.19
19/07/2012,107.92,108.98,107.12,108.84
18/07/2012,106.79,107.98,106.66,107.88
17/07/2012,106.99,107.5,105.58,107.43
16/07/2012,105.71,107.25,105.5,106.78
13/07/2012,105.34,106.19,104.87,106.01
12/07/2012,104.31,106.08,104.27,105.03
11/07/2012,104.31,105.63,104.02,104.85
10/07/2012,104.87,105.39,103.29,103.88
09/07/2012,104.97,105.04,103.55,104.46
06/07/2012,104.99,105.35,104.39,105.07
05/07/2012,106.27,107.05,105.73,106.03
03/07/2012,106.29,107.42,106.22,107.37
02/07/2012,105.59,106.09,104.69,105.86
29/06/2012,105.32,105.51,104.35,105.5
28/06/2012,101.85,103.65,101.43,103.46
27/06/2012,101.46,102.9,101.25,102.57
26/06/2012,98.97,101.29,98.83,100.95
25/06/2012,99.34,99.56,98.17,99.08
22/06/2012,100.65,101.12,99.58,100.44
21/06/2012,103.46,103.75,99.87,100.02
20/06/2012,104.04,104.55,102.59,103.63
19/06/2012,103.99,104.65,103.77,104.06
18/06/2012,103.14,103.97,103,103.46
15/06/2012,103,104.5,102.64,104.33
14/06/2012,100.17,102.17,99.9,101.92
13/06/2012,100.68,101.4,99.71,100.13
12/06/2012,100.2,100.9,99.56,100.74
11/06/2012,101.99,102.33,99.57,99.91
08/06/2012,99.89,101,99.69,100.84
07/06/2012,100.98,102,100.18,100.39
06/06/2012,97.89,99.8,97.58,99.8
05/06/2012,96.39,96.87,95.78,96.49
04/06/2012,96.48,97.14,95.73,96.58
01/06/2012,96.65,97.29,96.02,96.41
31/05/2012,98.06,99.16,96.68,98.31
30/05/2012,99.11,99.11,97.5,97.63
29/05/2012,99.81,100.85,99.5,100.24
25/05/2012,100.04,100.24,98.42,98.86
24/05/2012,99.26,100.12,98.55,100.06
23/05/2012,98.33,99,96.7,99
22/05/2012,99.93,100.68,98.73,99.32
21/05/2012,98.81,99.74,98.35,99.69
18/05/2012,100.48,100.75,98.24,98.46
17/05/2012,100.2,101.41,99.89,100.14
16/05/2012,100.77,101.78,100.01,100.1
15/05/2012,102.04,102.66,100.71,100.9
14/05/2012,101.74,102.3,101.27,101.94
11/05/2012,102.95,103.95,102.47,102.69
10/05/2012,102.83,104.24,102.65,103.36
09/05/2012,101.61,102.5,101.37,101.78
08/05/2012,102.75,103.21,101.55,102.84
07/05/2012,103.08,103.82,102.59,103.31
04/05/2012,105.27,105.49,103.25,103.72
03/05/2012,107.04,107.06,105.41,105.99
02/05/2012,107.51,107.65,106.59,107.03
01/05/2012,106.74,108.79,106.39,108.27
30/04/2012,106.16,106.61,105.81,106.56
27/04/2012,106.78,106.8,105.67,106.2
26/04/2012,104,106.7,103.99,106.22
25/04/2012,103.56,103.89,102.62,103.85
24/04/2012,102.77,103.17,102.14,103.03
23/04/2012,101.19,102.72,100.89,102.44
20/04/2012,103.11,103.84,102.42,102.52
19/04/2012,103.27,103.64,102.18,102.51
18/04/2012,103.42,103.97,102.85,103.39
17/04/2012,102.46,104.09,102.34,103.62
16/04/2012,101.62,102.24,101.17,101.51
13/04/2012,102.29,102.36,100.72,100.78
12/04/2012,100.89,102.86,100.51,102.59
11/04/2012,102.31,102.45,100.78,100.95
10/04/2012,103.25,103.38,101.4,101.45
09/04/2012,103.3,104.08,102.85,103.49
05/04/2012,105.17,105.9,104.33,104.75
04/04/2012,106.25,106.26,105.03,105.6
03/04/2012,107.93,108.23,106.23,107.14
02/04/2012,106.85,108.79,106.6,108.3
30/03/2012,107.04,107.25,106.41,107.21
29/03/2012,105.08,107.02,104.92,106.85
28/03/2012,106.57,106.96,105.2,105.89
27/03/2012,107.88,108,107.01,107.04
26/03/2012,107.23,107.97,106.83,107.84
23/03/2012,105.68,106.9,104.85,106.36
22/03/2012,106.85,106.99,105.03,105.35
21/03/2012,108.95,109.02,107.35,107.91
20/03/2012,109.93,109.93,108.93,109.08
19/03/2012,110.52,111.06,110.3,110.7
16/03/2012,110.43,110.83,110.1,110.28
15/03/2012,110.51,110.93,109.46,110.03
14/03/2012,111.05,112.28,110.54,110.69
13/03/2012,110.22,111.31,109.43,111.19
12/03/2012,109.65,110,109.16,110
09/03/2012,109.89,110.41,109.37,109.57
08/03/2012,109.8,110.57,109.56,110.03
07/03/2012,109,109.95,108.19,109.46
06/03/2012,108.14,109.03,108,108.85
05/03/2012,109.14,109.45,108.14,109.32
02/03/2012,109.5,109.87,109,109.61
01/03/2012,109.17,110.14,109.1,109.76
29/02/2012,110.4,110.92,108.92,109.12
28/02/2012,109.68,110.4,109.18,109.61
27/02/2012,108.29,110.22,108.28,109.63
24/02/2012,108.8,109.4,108.5,109.08
23/02/2012,107.54,108.5,107.32,108.35
22/02/2012,108.16,108.56,107.2,107.5
21/02/2012,107.51,108.5,107.44,108.41
17/02/2012,107.02,107.24,106.04,106.66
16/02/2012,105.52,106.57,104.8,106.52
15/02/2012,106.24,106.24,104.59,105
14/02/2012,106.25,106.53,105.57,106.49
13/02/2012,106.16,106.53,105.45,106.38
10/02/2012,105.19,105.52,104.58,105.28
09/02/2012,107.18,107.41,106.07,106.37
08/02/2012,107.27,107.5,106.09,106.76
07/02/2012,106.02,107.06,105.44,106.83
06/02/2012,104.62,106.76,104.37,106.67
03/02/2012,104.91,105.6,104.48,105.5
02/02/2012,103.03,103.96,102.88,103.69
01/02/2012,104.42,104.42,102.68,102.79
31/01/2012,104.61,104.78,102.4,103.12
30/01/2012,103.4,103.5,102.08,103.41
27/01/2012,104.39,104.67,103.12,103.96
26/01/2012,108.03,108.57,106.35,106.59
25/01/2012,106.37,108,105.09,107.73
24/01/2012,106.45,107.09,106.18,106.72
23/01/2012,106.99,107.5,106.56,107.01
20/01/2012,106.95,107.2,106.25,106.89
19/01/2012,107.21,107.5,105.82,106.93
18/01/2012,106,106.94,105.2,106.83
17/01/2012,107.27,107.98,106.03,106.72
13/01/2012,104.62,106.15,103.51,106.09
12/01/2012,104.52,106.04,104.52,104.97
11/01/2012,108.51,108.65,107.13,107.77
10/01/2012,110.12,110.66,108.9,109.06
09/01/2012,108.24,109.67,108.03,109.49
06/01/2012,109.41,109.61,108.09,108.31
05/01/2012,109.39,109.54,107.97,109.1
04/01/2012,109.83,110.37,109.2,110.18
03/01/2012,108.74,110.99,108.73,110.37
30/12/2011,106.79,107.5,106.18,106.4
29/12/2011,106.38,107.56,106.32,107.47
28/12/2011,107.86,108.16,105.88,105.96
27/12/2011,107.26,108.49,107.26,107.98
23/12/2011,106.63,107.61,106.1,107.5
22/12/2011,105.51,106.58,105.06,106.31
21/12/2011,103.68,105.53,103.55,105.43
20/12/2011,101.94,103.85,101.78,103.67
19/12/2011,101.16,101.33,99.5,99.72
16/12/2011,100.32,100.86,99.59,100.86
15/12/2011,101.23,101.6,99.32,99.67
14/12/2011,102.75,104.02,99.51,100.53
13/12/2011,104.22,105.89,103.1,103.62
12/12/2011,104.02,104.23,101.5,103.07
09/12/2011,102.74,104.5,102.71,104.25
08/12/2011,104,104.8,101.95,102.25
07/12/2011,104.22,105.74,103.97,104.52
06/12/2011,103.1,104.73,102.84,104.36
05/12/2011,103.58,104,102.04,102.82
02/12/2011,103.04,103.19,101.5,101.69
01/12/2011,102.82,103,100.96,101.83
30/11/2011,100.5,102.82,100.11,102.82
29/11/2011,95.96,98.05,95.75,97.39
28/11/2011,96.03,96.35,95,95.77
25/11/2011,94.03,94.45,92.29,92.29
23/11/2011,95.42,95.58,93.75,93.75
22/11/2011,95.68,97.25,95,96.42
21/11/2011,96.92,96.94,94.45,95.66
18/11/2011,100.52,101.5,97.52,97.88
17/11/2011,100.75,102.13,98.75,100.08
16/11/2011,102.51,103.42,100.74,101.05
15/11/2011,106.23,107.33,102.58,103.27
14/11/2011,106.2,106.74,105.38,106.17
11/11/2011,106.69,107.52,106.61,107.05
10/11/2011,105.32,106.01,103.5,105.5
09/11/2011,105.8,106.49,103.88,104.28
08/11/2011,108.27,109,106.5,108.86
07/11/2011,106.65,108.53,105.54,107.72
04/11/2011,105.75,106.6,104.48,106.43
03/11/2011,105.84,106.35,104.7,106.13
02/11/2011,103.96,104.93,103.14,104.54
01/11/2011,101.47,103.68,100.79,102.08
31/10/2011,107.72,108,105.05,105.05
28/10/2011,108.85,109.99,107.26,109.64
27/10/2011,107.84,110.01,107.62,108.97
26/10/2011,106.08,106.84,104.46,106.77
25/10/2011,106.62,106.91,104.33,104.5
24/10/2011,105.5,106.87,105.27,106.27
21/10/2011,104.5,105.84,104.21,105.53
20/10/2011,102.68,103.66,101.72,103.39
19/10/2011,102.69,104.08,101.71,102.24
18/10/2011,99.03,104.15,97.97,102.95
17/10/2011,99.91,100.25,98.4,98.61
14/10/2011,98.97,100.56,98.85,100.47
13/10/2011,96.62,98.1,96.25,97.79
12/10/2011,98.11,98.75,96.69,97.78
11/10/2011,97.21,98.64,97.15,97.6
10/10/2011,96.13,98.24,96.09,98.2
07/10/2011,95.67,95.73,93.66,94.4
06/10/2011,93.38,94.81,92.72,94.61
05/10/2011,92.14,94.74,91.03,94.66
04/10/2011,88.72,91.84,86.68,91.48
03/10/2011,91.93,92.77,89.85,89.88
30/09/2011,92.96,94.8,92.52,92.59
29/09/2011,94.19,94.48,92.32,94.39
28/09/2011,93.99,95.33,91.54,91.74
27/09/2011,94.16,95.35,93.05,93.54
26/09/2011,90.65,91.65,88.76,91.49
23/09/2011,90.13,90.84,88.56,90.01
22/09/2011,90.91,91.51,88.59,90.17
21/09/2011,97.21,97.78,94.14,94.27
20/09/2011,99.28,99.74,97.74,97.79
19/09/2011,97.19,99.34,96.6,98.71
16/09/2011,100,100.16,98.29,99.63
15/09/2011,98.72,99.5,98.06,99.26
14/09/2011,96.31,99,95.15,97.31
13/09/2011,96.76,96.84,94.63,95.93
12/09/2011,93.94,95.93,93.16,95.91
09/09/2011,97.01,97.39,94.78,95.19
08/09/2011,98.89,100.58,98,98.41
07/09/2011,98.27,99.44,97.86,99.29
06/09/2011,93.58,95.8,92.75,95.61
02/09/2011,96.31,97.06,95.07,96.41
01/09/2011,99.01,100.48,98.5,98.52
31/08/2011,98.85,99.72,98.08,98.84
30/08/2011,97.97,98.98,96.74,98.4
29/08/2011,98.28,98.76,96.58,98.74
26/08/2011,94.68,97.35,93.36,96.85
25/08/2011,98.05,98.52,95.29,95.96
24/08/2011,96.83,97.76,96.07,97.59
23/08/2011,93.92,97.38,93.46,97.33
22/08/2011,96.55,96.55,92.95,93.3
19/08/2011,92.09,95.36,92.08,93.29
18/08/2011,95.14,95.38,91.75,93.24
17/08/2011,98.41,99.09,97.11,97.68
16/08/2011,97.99,99.28,97.15,98.14
15/08/2011,97,99.23,96.79,99.1
12/08/2011,95.64,97.05,94.92,95.86
11/08/2011,92.07,95.14,90.78,94.07
10/08/2011,92.71,93.85,89.74,90.57
09/08/2011,91.6,93.71,87.3,93.4
08/08/2011,94.28,95.79,89.75,90.25
05/08/2011,98.03,99.34,93.82,97.61
04/08/2011,100.78,100.98,96.51,96.84
03/08/2011,103.53,103.74,100.87,102.76
02/08/2011,104.72,105.7,103.43,103.45
01/08/2011,106.08,106.13,103.92,105.38
29/07/2011,103.72,105.23,103.07,104.02
28/07/2011,105.15,105.85,104.43,105.03
27/07/2011,106.97,107,105.47,105.63
26/07/2011,107.91,108.47,107.34,107.57
25/07/2011,107.55,109,107.46,108.1
22/07/2011,109.39,109.66,108.82,108.97
21/07/2011,107.88,109.75,107.76,109.43
20/07/2011,107.51,107.65,106.88,107.1
19/07/2011,106.49,107.8,106.49,107.48
18/07/2011,105.58,106.5,105.11,106.23
15/07/2011,105.68,106.3,105.14,106.19
14/07/2011,105.7,106.47,104.57,104.67
13/07/2011,104.74,106.61,104.72,105.09
12/07/2011,103.99,105.95,103.99,104.39
11/07/2011,104.43,104.64,103.75,104.41
08/07/2011,105.45,106,105.07,105.89
07/07/2011,106.08,106.92,105.8,106.59
06/07/2011,104.82,105.24,104.57,105.08
05/07/2011,104.11,105.76,104.11,105.12
01/07/2011,102.71,104.19,102.01,104.09
30/06/2011,101.79,102.94,101.28,102.84
29/06/2011,100.69,101.71,99.91,101.28
28/06/2011,99.53,100.6,99.3,100.35
27/06/2011,97.94,99.64,97.94,98.9
24/06/2011,99.54,99.74,97.81,97.9
23/06/2011,98.9,99.55,97,99.36
22/06/2011,101.27,102.46,101,101.07
21/06/2011,100.54,101.98,100.32,101.59
20/06/2011,98.88,100.2,98.65,99.91
17/06/2011,100.23,100.84,98.73,99.17
16/06/2011,98.06,99.66,97.81,99.43
15/06/2011,99.2,99.91,97.71,98.41
14/06/2011,100.02,101.29,99.89,100.6
13/06/2011,100.04,100.51,98.07,98.93
10/06/2011,100.94,101,98.98,99.67
09/06/2011,100.51,101.87,100.32,101.23
08/06/2011,99.51,100.84,99.5,99.95
07/06/2011,100.23,100.91,99.38,99.47
06/06/2011,100.9,101.31,99.3,99.68
03/06/2011,99.73,101.69,99.57,101
02/06/2011,102.35,102.59,100.36,101.12
01/06/2011,104.73,104.95,102.08,102.49
31/05/2011,104.61,105.21,103.71,104.91
27/05/2011,103.64,104.22,102.53,103.21
26/05/2011,102.99,103.8,102.1,103.36
25/05/2011,102,103.86,101.81,103.25
24/05/2011,101.85,103.39,101.85,102.27
23/05/2011,101.13,101.91,100.7,101.37
20/05/2011,103.55,103.81,101.77,102.57
19/05/2011,103.69,104.53,102.94,103.87
18/05/2011,100.92,103.46,100.17,102.86
17/05/2011,100.31,101.19,99.61,100.41
16/05/2011,102.03,103.29,101.41,101.65
13/05/2011,103.45,103.49,101.27,102.39
12/05/2011,101.63,103.32,100.41,102.76
11/05/2011,103.27,103.46,101.25,102.26
10/05/2011,104.32,104.95,103.25,104.36
09/05/2011,103.25,104.86,103,104.09
06/05/2011,103.34,104.45,102,102.88
05/05/2011,103.36,104.12,101.11,102.62
04/05/2011,106.02,106.02,103.7,104.68
03/05/2011,107.58,107.84,105.19,106.17
02/05/2011,109.48,109.58,107.61,108.18
29/04/2011,108.48,109.6,107.78,109.44
28/04/2011,109.08,109.1,108.08,108.81
27/04/2011,109.11,109.17,107.55,108.97
26/04/2011,107.85,108.83,107.16,108.75
25/04/2011,107.37,107.78,106.68,107.42
21/04/2011,108.25,108.25,107.49,108.13
20/04/2011,107.71,108.34,107.01,107.81
19/04/2011,104.49,105.85,104.27,105.4
18/04/2011,104.95,104.99,103.04,104.5
15/04/2011,105.52,106.5,104.35,106.24
14/04/2011,103.32,105.29,103.13,104.88
13/04/2011,104.82,105.14,103.34,103.81
12/04/2011,106.47,106.7,103.48,104.18
11/04/2011,109.74,109.9,107.57,107.78
08/04/2011,109.35,109.94,109.14,109.66
07/04/2011,109.02,109.1,107.51,108.94
06/04/2011,109.83,109.94,108.44,108.66
05/04/2011,108.25,109.8,108.23,109.33
04/04/2011,108.52,108.57,107.85,108.23
01/04/2011,108.29,108.78,107.51,108.32
31/03/2011,109.31,109.65,107.35,107.49
30/03/2011,107.61,108.74,107.55,108.01
29/03/2011,106.04,107.48,105.52,107.37
28/03/2011,106.4,107.1,106.04,106.04
25/03/2011,105.72,107.01,105.38,106.78
24/03/2011,105.87,105.92,104.93,105.38
23/03/2011,104.73,105.92,104.45,105.48
22/03/2011,105.36,105.94,105.12,105.23
21/03/2011,103.86,105.2,103.2,105.19
18/03/2011,103.37,103.97,102.36,102.8
17/03/2011,100.88,102.57,100.4,102.24
16/03/2011,101.65,102.07,98.63,99.51
15/03/2011,98.18,102,97.98,101.23
14/03/2011,99.16,101,99.03,100.8
11/03/2011,98.1,100.75,97.6,99.93
10/03/2011,101.48,101.48,98.29,99.08
09/03/2011,103.18,103.68,101.9,102.14
08/03/2011,103.41,104.04,101.45,103.77
07/03/2011,104.12,104.77,103.01,103.01
04/03/2011,104.13,104.78,102.5,103.75
03/03/2011,103.84,104.57,103.32,104.19
02/03/2011,103.05,103.97,102.19,103.47
01/03/2011,104.07,104.99,102.84,102.9
28/02/2011,102.28,103.94,102.18,103.75
25/02/2011,101.71,102.63,101.35,102.1
24/02/2011,103.09,103.42,101.55,102.03
23/02/2011,100.53,103.94,100.52,102.27
22/02/2011,99.23,102.12,99.23,100.32
18/02/2011,97.41,98.81,97.03,98.72
17/02/2011,96.56,97.34,96.41,97.17
16/02/2011,96.72,97.02,96.08,96.66
15/02/2011,96.58,96.85,95.66,96.34
14/02/2011,95.5,97.16,95.5,96.95
11/02/2011,96.09,97.18,95.89,96.45
10/02/2011,95.88,96.98,95.74,96.7
09/02/2011,97.25,97.38,95.7,96.24
08/02/2011,97.87,97.99,97.11,97.74
07/02/2011,97.28,98.23,97.26,97.66
04/02/2011,96.93,97.33,96.52,97.11
03/02/2011,96.57,97.44,95.76,97.31
02/02/2011,95.37,96.85,95.37,96.48
01/02/2011,95.63,96.49,95.17,96.22
31/01/2011,93.85,95.19,93.37,94.93
28/01/2011,94.49,94.85,92.93,93.37
27/01/2011,94.56,94.96,94.3,94.75
26/01/2011,94.38,94.97,93.58,94.64
25/01/2011,93.78,94.44,93.35,94.08
24/01/2011,93.89,94.53,93.66,94.1
21/01/2011,93.37,93.94,93.1,93.78
20/01/2011,92.14,92.86,91.58,92.71
19/01/2011,93.63,93.71,92.58,92.97
18/01/2011,92.94,93.75,92.93,93.35
14/01/2011,92.12,92.88,91.82,92.83
13/01/2011,92.01,92.6,91.78,92.18
12/01/2011,92.36,92.85,92.2,92.45
11/01/2011,90.87,91.99,90.81,91.83
10/01/2011,90.95,91.17,90.12,90.41
07/01/2011,90.98,91.3,90.27,91.19
06/01/2011,91.76,91.83,90.27,90.69
05/01/2011,90.92,92.07,90.5,91.44
04/01/2011,92.28,92.48,91.22,91.6
03/01/2011,91.66,92.38,91.3,91.94
31/12/2010,91.58,91.8,91,91.25
30/12/2010,91.32,91.94,91.15,91.6
29/12/2010,91.54,92.39,91.35,91.37
28/12/2010,90.32,91.43,90.13,91.19
27/12/2010,90.49,90.6,90.04,90.12
23/12/2010,89.89,90.89,89.82,90.68
22/12/2010,89.62,89.96,89.32,89.92
21/12/2010,89.34,89.82,88.95,89.23
20/12/2010,88.96,89.6,88.57,88.8
17/12/2010,88.85,88.96,88.08,88.49
16/12/2010,88.08,89.22,87.85,89.06
15/12/2010,88.02,88.63,87.93,88.01
14/12/2010,88.58,88.95,88.13,88.38
13/12/2010,87.72,88.95,87.51,88.37
10/12/2010,86.96,87.08,86.24,87.03
09/12/2010,86.79,86.98,85.84,86.65
08/12/2010,86.51,86.8,85.63,86.14
07/12/2010,85.92,86.63,85.71,86.3
06/12/2010,84.79,85.21,84.49,84.95
03/12/2010,84.49,85,84.36,84.89
02/12/2010,82.7,84.67,82.53,84.5
01/12/2010,82.15,83.22,81.75,82.7
30/11/2010,80.64,81.61,80.47,80.97
29/11/2010,81.3,82.05,80.41,81.69
26/11/2010,82.44,82.57,81.79,82.05
24/11/2010,82.15,83.01,82,82.93
23/11/2010,82.47,82.5,81.15,81.75
22/11/2010,83.47,83.58,82.05,83.45
19/11/2010,83.69,83.96,82.82,83.94
18/11/2010,83.04,83.98,82.95,83.82
17/11/2010,82.41,83.13,82.1,82.46
16/11/2010,83.55,83.58,81.93,82.48
15/11/2010,85.74,85.97,84.83,84.86
12/11/2010,85.46,85.61,84.56,85.44
11/11/2010,85,86.19,85,86.09
10/11/2010,83.78,85.22,83.25,85.17
09/11/2010,83.91,84.27,83.1,83.56
08/11/2010,84.62,85,83.79,84.8
05/11/2010,84.71,85.32,84.05,84.98
04/11/2010,84.16,85.31,83.88,85.14
03/11/2010,82.66,83.12,81.91,82.7
02/11/2010,82.36,82.45,81.72,82.15
01/11/2010,83.15,84.08,81.09,81.45
29/10/2010,82.89,83.23,81.98,82.6
28/10/2010,85.27,85.65,84.1,84.44
27/10/2010,84.64,84.64,83.29,84.31
26/10/2010,84.65,85.24,84.49,85.15
25/10/2010,85.13,85.79,84.74,84.87
22/10/2010,84.79,84.79,84.17,84.55
21/10/2010,84.51,85,83.39,84.25
20/10/2010,83.14,84.52,82.93,84.02
19/10/2010,83.38,83.68,82.14,82.79
18/10/2010,83.48,84.77,83.4,84.48
15/10/2010,84.39,84.54,83.12,83.61
14/10/2010,83.65,83.92,82.96,83.9
13/10/2010,83.45,84.11,82.86,83.67
12/10/2010,83.36,84.18,82.63,83.84
11/10/2010,83.85,84,83.35,83.71
08/10/2010,83.47,84.1,82.95,83.94
07/10/2010,84.42,84.5,82.94,83.52
06/10/2010,83.29,84.3,83.21,83.89
05/10/2010,82.18,83.5,81.95,83.39
04/10/2010,81.89,82.14,80.68,81.31
01/10/2010,81.89,82.36,81.48,81.95
30/09/2010,81.69,82.19,80.33,81.05
29/09/2010,80.74,81.7,80.49,81.28
28/09/2010,80.45,81.2,79.58,80.88
27/09/2010,80.3,80.61,80.07,80.08
24/09/2010,79.26,80.29,78.71,80.12
23/09/2010,78.52,79.37,78.16,78.54
22/09/2010,79.93,80.4,79.24,79.25
21/09/2010,80.04,80.23,79.1,79.75
20/09/2010,78.54,80.13,78.47,79.9
17/09/2010,79.42,79.73,78.24,78.46
16/09/2010,78.99,79.13,78.39,79.05
15/09/2010,79.06,79.33,78.52,79.21
14/09/2010,79.25,79.98,79.18,79.51
13/09/2010,79.37,79.51,78.67,79.25
10/09/2010,78.33,78.82,77.94,78.82
09/09/2010,77.89,78.28,77.27,77.36
08/09/2010,77.16,77.88,77.07,77.25
07/09/2010,77.68,77.91,76.97,77.05
03/09/2010,77.39,78,77.39,78
02/09/2010,76.75,77.48,76.47,77.45
01/09/2010,75.36,76.91,75.24,76.77
31/08/2010,73.51,74.53,73.23,74.08
30/08/2010,74.63,74.8,73.78,73.78
27/08/2010,73.89,75.04,72.93,74.93
26/08/2010,74.37,74.38,73.1,73.33
25/08/2010,73.32,74.3,72.57,74.07
24/08/2010,74.27,74.9,73.62,73.78
23/08/2010,75.34,75.99,75.05,75.05
20/08/2010,75.46,75.56,74.55,75.05
19/08/2010,76.72,76.82,75.5,75.84
18/08/2010,77.61,77.73,76.54,77.04
17/08/2010,77.57,78.08,77.08,77.77
16/08/2010,77.11,77.83,76.37,77.71
13/08/2010,77.04,77.77,76.91,77.4
12/08/2010,76.41,77.78,76.2,77.07
11/08/2010,77.97,77.98,77.02,77.13
10/08/2010,78.54,79.48,78.15,79.04
09/08/2010,79.3,79.43,78.87,79.29
06/08/2010,78.23,79.02,77.81,78.73
05/08/2010,78.51,79.19,78.24,79.07
04/08/2010,78.78,79.1,78.23,79.02
03/08/2010,77.92,79.12,77.81,78.66
02/08/2010,77.62,78.33,77.32,77.8
30/07/2010,75.15,76.37,74.89,76.21
29/07/2010,75.89,76.37,75.28,76.02
28/07/2010,75.13,75.66,75.01,75.56
27/07/2010,74.86,75.43,74.5,75.3
26/07/2010,73.82,74.62,73.41,74.62
23/07/2010,73.28,73.55,72.67,73.52
22/07/2010,72.8,74,72.58,73.44
21/07/2010,73.33,73.55,71.57,72.17
20/07/2010,71,73.21,70.96,73.1
19/07/2010,71.84,72.3,71.49,72
16/07/2010,72.65,72.84,71.25,71.5
15/07/2010,73.23,73.23,72.16,73.04
14/07/2010,73.01,73.12,72.35,73.05
13/07/2010,72.99,73.58,72.5,73.23
12/07/2010,71.53,72.13,71.35,71.85
09/07/2010,70.46,72,70.05,71.84
08/07/2010,70.18,70.69,69.21,70.41
07/07/2010,67.82,69.5,67.49,69.45
06/07/2010,68.28,68.32,66.86,67.56
02/07/2010,67.79,68.15,66.87,67.31
01/07/2010,68.19,68.3,66.83,67.48
30/06/2010,68.22,69.06,67.8,67.86
29/06/2010,69.2,69.39,68,68.36
28/06/2010,70.56,70.57,69.63,69.96
25/06/2010,71.13,71.13,69.88,70.06
24/06/2010,71.8,72.13,70.7,70.83
23/06/2010,73.84,73.9,72.15,72.26
22/06/2010,75.45,75.72,73.88,74
21/06/2010,76.81,77.25,75.29,75.72
18/06/2010,75.47,75.75,74.9,75.52
17/06/2010,75.02,75.49,74.2,75.32
16/06/2010,74.61,75.39,74.45,74.95
15/06/2010,74.57,75.26,74.18,75.23
14/06/2010,74.23,75.54,74.16,74.18
11/06/2010,73.48,74.06,72.79,74.06
10/06/2010,72.87,74.17,72.69,74.17
09/06/2010,71.17,72.39,70.6,70.79
08/06/2010,71.68,71.73,69.82,71.02
07/06/2010,71.66,72.49,71.19,71.35
04/06/2010,72.15,72.71,70.8,71.28
03/06/2010,74.66,74.75,73.14,73.91
02/06/2010,72.66,74.13,72.12,74.13
01/06/2010,73.56,74.52,72.29,72.29
28/05/2010,74,74.4,73.04,73.87
27/05/2010,73.13,74.36,72.3,74.36
26/05/2010,73.19,73.5,71.44,71.55
25/05/2010,71.74,72.69,70.8,72.57
24/05/2010,74.22,74.38,73.31,73.44
21/05/2010,72.35,74.65,72,74.48
20/05/2010,75.04,75.4,73.53,73.6
19/05/2010,76.35,77,75.54,76.6
18/05/2010,78.31,78.67,76.39,76.85
17/05/2010,77.39,77.95,75.95,77.73
14/05/2010,78.42,78.49,76.98,77.83
13/05/2010,79.8,80.06,78.75,78.92
12/05/2010,79.77,80.46,79.36,80.06
11/05/2010,79.64,80.75,79.49,79.7
10/05/2010,79.37,80.56,78.53,79.89
07/05/2010,77.22,78.61,76.41,77.1
06/05/2010,79.41,80.21,71.5,77.2
05/05/2010,79.69,80.73,79.45,80.19
04/05/2010,82.01,82.24,79.63,80.76
03/05/2010,81.96,83.41,81.33,82.83
30/04/2010,82.37,83.13,81.29,81.44
29/04/2010,81.19,82.99,81.19,82.29
28/04/2010,80.62,80.92,79.85,80.62
27/04/2010,82.08,82.51,80.07,80.23
26/04/2010,82.52,83.14,82.34,82.59
23/04/2010,81.04,82.77,80.95,82.67
22/04/2010,81.11,81.45,80.64,81.2
21/04/2010,82.3,82.67,81.24,81.92
20/04/2010,81.82,82.36,81.66,82.05
19/04/2010,80.25,81.5,80.05,81.32
16/04/2010,81.46,81.9,80.28,80.75
15/04/2010,80.61,81.76,80.51,81.59
14/04/2010,80.46,80.61,80.03,80.58
13/04/2010,80.42,80.57,79.27,80.21
12/04/2010,79.5,80.8,79.37,80.43
09/04/2010,78.04,79.62,78,79.5
08/04/2010,76.93,78,76.63,77.66
07/04/2010,77.67,77.83,76.96,77.37
06/04/2010,77.57,78,77.2,77.88
05/04/2010,76.97,77.75,76.73,77.66
01/04/2010,76.4,77.13,76.34,76.69
31/03/2010,75.47,76.14,75.08,75.83
30/03/2010,75.27,75.5,74.96,75.3
29/03/2010,74.61,75.44,74.49,75.23
26/03/2010,74,74.88,73.82,74.43
25/03/2010,74.4,74.62,73.69,73.8
24/03/2010,74.27,74.5,73.78,73.93
23/03/2010,74.43,74.79,74.03,74.77
22/03/2010,74.17,74.88,74,74.46
19/03/2010,74.98,75.16,73.89,74.98
18/03/2010,74.85,75.07,74.24,74.76
17/03/2010,74.18,75.06,74.16,74.67
16/03/2010,73.9,74.12,73.41,73.98
15/03/2010,73.51,73.63,72.85,73.57
12/03/2010,74.17,74.24,73.51,73.72
11/03/2010,74.07,74.09,73.55,73.99
10/03/2010,74.14,74.33,73.25,73.96
09/03/2010,74.3,74.91,74,74.3
08/03/2010,74.49,74.88,74.15,74.64
05/03/2010,73.55,74.47,73.51,74.3
04/03/2010,73.07,73.5,72.71,73.08
03/03/2010,73.63,73.85,73.06,73.13
02/03/2010,73.18,73.91,73.01,73.32
01/03/2010,72.63,73.18,72.39,72.81
26/02/2010,72.19,72.69,71.82,72.3
25/02/2010,71.19,72.19,70.78,72.11
24/02/2010,72.12,72.45,71.61,72.34
23/02/2010,72.6,72.93,71.77,72.04
22/02/2010,74.17,74.22,72.79,72.96
19/02/2010,73.44,74.38,73.21,74.05
18/02/2010,72.69,73.72,72.34,73.62
17/02/2010,73.22,73.43,72.46,72.84
16/02/2010,71.99,73.32,71.93,72.99
12/02/2010,70.54,71.3,70.17,71.01
11/02/2010,70.72,72.11,70.31,71.73
10/02/2010,71.02,71.23,70,70.75
09/02/2010,70.89,72.03,70.82,71.31
08/02/2010,71.24,71.45,70.13,70.13
05/02/2010,71,71.24,69.55,71.18
04/02/2010,72.56,72.83,71.06,71.37
03/02/2010,74.18,74.36,73.05,73.21
02/02/2010,73.74,74.58,73,74.45
01/02/2010,72.7,73.74,72.14,73.58
29/01/2010,73.53,74.07,71.75,72.12
28/01/2010,73.97,74.18,72.32,73.24
27/01/2010,73.94,74.36,73.13,73.7
26/01/2010,74.08,74.88,73.7,74.15
25/01/2010,75.15,75.27,74.09,74.55
22/01/2010,75.98,76.59,74.43,74.59
21/01/2010,78.15,78.18,76.06,76.24
20/01/2010,78.71,78.93,77.65,78.15
19/01/2010,78.96,79.75,78.57,79.68
15/01/2010,79.54,79.69,78.28,79.23
14/01/2010,79.63,79.8,79.15,79.55
13/01/2010,80.27,80.41,79.09,79.8
12/01/2010,79.52,80.45,79.47,80.41
11/01/2010,80.17,81.09,80.06,80.88
08/01/2010,79.12,79.47,78.89,79.47
07/01/2010,79.36,79.7,78.97,79.33
06/01/2010,79.44,80,79.19,79.63
05/01/2010,79.22,79.62,78.72,79.62
04/01/2010,78.2,79.2,78.16,79.06
